Title,Authors,Contributors,ISBN/UID,Format,Read Status,Date Added,Last Date Read,Dates Read,Read Count,Moods,Pace,Character- or Plot-Driven?,Strong Character Development?,Loveable Characters?,Diverse Characters?,Flawed Characters?,Star Rating,Review,Content Warnings,Content Warning Description,Tags,Owned?
There Are 3 Women & 4 Men,Jaden Payne,,9.79887E+12,paperback,to-read,4/26/2024,,,0,,,,,,,,,,,,,No
All the Lovers in the Night,Mieko Kawakami,"Sam Bett (Translator), David Boyd (Translator)",9.78161E+12,paperback,read,6/29/2024,7/2/2024,2024/06/29-2024/07/02,1,"reflective, sad",,,,,,,3.25,,,,,Yes
Shuggie Bain,Douglas Stuart,,9.7808E+12,hardcover,to-read,8/29/2024,,,0,,,,,,,,,,,,,No
Where They Last Saw Her,Marcie R. Rendon,,9.78059E+12,digital,to-read,11/17/2024,,,0,,,,,,,,,,,,,No
Transcendent Kingdom,Yaa Gyasi,,9.78053E+12,hardcover,to-read,9/16/2024,,,0,,,,,,,,,,,,,No
The Names,Florence Knapp,,9.78059E+12,hardcover,to-read,5/7/2025,,,0,,,,,,,,,,,,,No
The Sixth Extinction: An Unnatural History,Elizabeth Kolbert,,9.78081E+12,hardcover,to-read,7/25/2024,,,0,,,,,,,,,,,,,No
Where the Axe Is Buried,Ray Nayler,,9.78037E+12,hardcover,to-read,5/21/2025,,,0,,,,,,,,,,,,,No
Hiroshima,John Hersey,,9.78068E+12,paperback,to-read,7/24/2024,,,0,,,,,,,,,,,,,No
Among Friends,Hal Ebbott,,9.78059E+12,hardcover,to-read,5/8/2025,,,0,,,,,,,,,,,,,No
Dune ,Frank Herbert,Brian Herbert (Contributor),9.78044E+12,paperback,to-read,3/5/2024,,,0,,,,,,,,,,,,,Yes
Masters of Death,Olivie Blake,Little Chmura (Illustrator),9.78125E+12,paperback,to-read,8/1/2024,,,0,,,,,,,,,,,,,No
Harry Potter and the Goblet of Fire,J.K. Rowling,Mary GrandPré (Illustrator),9.78044E+12,paperback,read,2/9/2024,1/3/2024,2023/12/23-2024/01/03,2,"adventurous, dark, mysterious, tense",,,,,,,5,,,,,Yes
The Shining,Stephen King,,9.78045E+12,paperback,to-read,12/24/2022,,,0,,,,,,,,,,,,,No
Open Water,Caleb Azumah Nelson,,9.7808E+12,paperback,read,2/4/2024,9/5/2024,2024/09/01-2024/09/05,1,"emotional, hopeful, reflective",,,,,,,5,,,,favorites,No
Borderlands/La Frontera: The New Mestiza,Gloria E. Anzaldúa,Sonia Saldívar-Hull,9.78188E+12,hardcover,to-read,11/8/2024,,,0,,,,,,,,,,,,,No
Paradise Rot,Jenny Hval,,,digital,to-read,1/15/2024,,,0,,,,,,,,,,,,,No
"Cat + Gamer, Volume 1",Wataru Nadatani,Zack Davisson (Translator),9.78151E+12,paperback,read,10/4/2024,10/6/2024,2024/10/04-2024/10/06,1,,,,,,,,,,,,,No
Fahrenheit 451,Ray Bradbury,,9.78145E+12,paperback,read,12/25/2022,,,1,"dark, reflective, tense",,,,,,,3,,,,,No
A Man Called Ove,Fredrik Backman,Henning Koch (Translator),9.78148E+12,paperback,read,2/12/2024,11/13/2023,2023/11/09-2023/11/13,1,"emotional, funny, hopeful, lighthearted, reflective, sad",,,,,,,5,,,,favorites,Yes
At Certain Points We Touch,Lauren John Joseph,,9.78153E+12,hardcover,to-read,7/27/2024,,,0,,,,,,,,,,,,,No
Escaping Peril,Tui T. Sutherland,,9.78055E+12,paperback,read,5/13/2025,,,1,adventurous,,,,,,,,,,,,No
The House in the Cerulean Sea,TJ Klune,,9.78125E+12,hardcover,read,6/7/2024,3/1/2023,2023/02/27-2023/03/01,1,"adventurous, emotional, funny, hopeful, lighthearted, reflective",,,,,,,5,,,,favorites,No
Eleanor Oliphant Is Completely Fine,Gail Honeyman,,9.78001E+12,paperback,to-read,4/1/2023,,,0,,,,,,,,,,,,,No
Dead Poets Society,N.H. Kleinbaum,,9.78055E+12,digital,to-read,6/25/2023,,,0,,,,,,,,,,,,,No
Annie John,Jamaica Kincaid,,9.78037E+12,paperback,to-read,7/19/2024,,,0,,,,,,,,,,,,read-around-the-world,No
The Dangers of Smoking in Bed,Mariana Enríquez,Megan McDowell (Translator),9.78059E+12,hardcover,to-read,1/22/2023,,,0,,,,,,,,,,,,,No
"Roll of Thunder, Hear My Cry",Mildred D. Taylor,,9.7811E+12,digital,read,3/2/2025,3/3/2025,2025/03/01-2025/03/03,1,"dark, emotional, hopeful, inspiring, reflective, sad",,,,,,,5,,,,,No
The Unbroken,C.L. Clark,,9.78032E+12,paperback,read,2/6/2024,3/7/2024,2024/03/02-2024/03/07,1,"adventurous, dark, tense",,,,,,,4.5,,,,,No
When the Emperor Was Divine,Julie Otsuka,,9.78039E+12,paperback,read,7/14/2024,,,1,"emotional, reflective, sad",,,,,,,,,,,,Yes
We Used To Be Friends,Amy Spalding,,9.78168E+12,digital,to-read,7/27/2024,,,0,,,,,,,,,,,,,No
Gilded,Marissa Meyer,Rebecca Soler (Narrator),9.78125E+12,audio,read,10/18/2024,10/29/2024,2024/10/18-2024/10/29,1,"adventurous, dark, mysterious, tense",,,,,,,3.5,,,,,No
The Girl Who Played with Fire,Stieg Larsson,,9.78031E+12,paperback,to-read,12/18/2024,,,0,,,,,,,,,,,,,Yes
The Three-Body Problem,Cixin Liu,Ken Liu (Translator),9.78077E+12,hardcover,to-read,6/27/2024,,,0,,,,,,,,,,,,,No
Wide Sargasso Sea,Jean Rhys,Edwidge Danticat,9.78039E+12,paperback,to-read,4/25/2025,,,0,,,,,,,,,,,,,No
Dead Mountain: The Untold True Story of the Dyatlov Pass Incident,Donnie Eichar,,9.78145E+12,hardcover,to-read,11/5/2023,,,0,,,,,,,,,,,,,No
Toward Eternity,Anton Hur,,9.78006E+12,hardcover,to-read,5/1/2025,,,0,,,,,,,,,,,,,No
Harry Potter and the Sorcerer's Stone,J.K. Rowling,Mary GrandPré (Illustrator),9.78059E+12,paperback,read,2/9/2024,12/18/2023,2023/12/14-2023/12/18,2,"adventurous, lighthearted, mysterious",,,,,,,4,,,,,Yes
In the Lives of Puppets,TJ Klune,,9.78125E+12,hardcover,read,2/12/2024,11/8/2023,2023/10/29-2023/11/08,1,"adventurous, emotional, hopeful, lighthearted, mysterious, sad, tense",,,,,,,5,,,,favorites,Yes
Pride and Prejudice,Jane Austen,Carol Howard (Contributor),9.78159E+12,paperback,to-read,12/18/2024,,,0,,,,,,,,,,,,,Yes
Mortal Engines,Philip Reeve,,9.78141E+12,paperback,read,6/19/2022,,,1,"adventurous, tense",,,,,,,2,,,,,Yes
The Conspiracy Against the Human Race,Thomas Ligotti,,9.78098E+12,hardcover,to-read,5/17/2024,,,0,,,,,,,,,,,,,No
Divine Might: Goddesses in Greek Myth,Natalie Haynes,,9.78006E+12,paperback,to-read,1/2/2024,,,0,,,,,,,,,,,,,No
If He Had Been with Me,Laura Nowlin,,9.78173E+12,paperback,read,4/9/2023,6/12/2024,2024/06/09-2024/06/12,1,"emotional, hopeful, sad, tense",,,,,,,3,,,,,Yes
Hell Followed with Us,Andrew Joseph White,,9.78168E+12,paperback,read,1/29/2024,5/21/2024,2024/05/19-2024/05/21,1,"adventurous, dark, emotional, mysterious, sad, tense",,,,,,,5,,,,favorites,Yes
Dr Jekyll and Mr Hyde,Robert Louis Stevenson,,9.78014E+12,paperback,to-read,3/5/2023,,,0,,,,,,,,,,,,,No
The Hobbit,J.R.R. Tolkien,,9.78054E+12,hardcover,to-read,12/1/2024,,,0,,,,,,,,,,,,,Yes
Silver Under Nightfall,Rin Chupeco,,9.78198E+12,hardcover,to-read,4/17/2024,,,0,,,,,,,,,,,,,No
The Great Gatsby,F. Scott Fitzgerald,,9.78074E+12,paperback,read,6/18/2022,,,1,"mysterious, reflective",,,,,,,3,,,,,No
Why Buddhism Is True: The Science and Philosophy of Meditation and Enlightenment,Robert Wright,,9.78144E+12,hardcover,read,2/9/2024,12/17/2023,2023/12/05-2023/12/17,1,"informative, inspiring, lighthearted, reflective",,,,,,,4,,,,,Yes
A Gorgeous Excitement,Cynthia Weiner,,9.78059E+12,hardcover,to-read,1/17/2025,,,0,,,,,,,,,,,,,No
No Longer Human,Osamu Dazai,Donald Keene (Translator),9.78081E+12,paperback,read,1/20/2024,5/23/2024,2024/05/22-2024/05/23,1,"dark, reflective, sad",,,,,,,4,,,,,No
Women and the Making of the Mongol Empire,Anne F. Broadbridge,,9.78111E+12,paperback,to-read,7/17/2024,,,0,,,,,,,,,,,,,No
Private Rites,Julia Armfield,,9.78001E+12,hardcover,to-read,1/27/2024,,,0,,,,,,,,,,,,,No
Tin Man,Sarah Winman,,9.78074E+12,hardcover,to-read,7/27/2024,,,0,,,,,,,,,,,,,No
Normal People,Sally Rooney,,9.78198E+12,paperback,read,6/6/2024,4/19/2023,2023/04/15-2023/04/19,1,"reflective, sad",,,,,,,2,,,,,Yes
Pompeii,Robert Harris,,9.78081E+12,paperback,to-read,7/18/2024,,,0,,,,,,,,,,,,,No
Notes on Infinity,Austin Taylor,,9.78125E+12,hardcover,to-read,5/8/2025,,,0,,,,,,,,,,,,,No
"Paper Girls, Vol. 1",Brian K. Vaughan,"Cliff Chiang (Illustrator), Matt Wilson (Illustrator)",9.78163E+12,paperback,to-read,12/1/2023,,,0,,,,,,,,,,,,,No
Dinosaurs at the Dinner Party: How an Eccentric Group of Victorians Discovered Prehistoric Creatures and Accidentally Upended the World,Edward Dolnick,,9.78198E+12,hardcover,to-read,9/16/2024,,,0,,,,,,,,,,,,,No
The Dragonet Prophecy,Tui T. Sutherland,,9.78055E+12,paperback,read,6/18/2022,,,1,adventurous,,,,,,,5,,,,,No
The Seep,Chana Porter,,9.78164E+12,hardcover,to-read,3/22/2024,,,0,,,,,,,,,,,,,No
The Forever Sea,Joshua Phillip Johnson,,9.78076E+12,hardcover,read,1/3/2024,7/30/2025,2025/07/14-2025/07/30,1,"adventurous, dark, hopeful, mysterious, tense",,,,,,,3.5,,,,,No
Diavola,Jennifer Marie Thorne,,9.78125E+12,hardcover,read,10/22/2024,6/27/2025,2025/05/09-2025/06/27,1,"dark, funny, mysterious, tense",,,,,,,3.25,,,,,No
The Strength of the Few,James Islington,,9.78198E+12,digital,to-read,7/23/2024,,,0,,,,,,,,,,,,,No
Eyes Guts Throat Bones,Moïra Fowley-Doyle,,9.7814E+12,hardcover,to-read,7/13/2024,,,0,,,,,,,,,,,,,No
Fire Exit,Morgan Talty,,9.78196E+12,hardcover,to-read,11/11/2024,,,0,,,,,,,,,,,,,No
Nothing Burns As Bright As You,Ashley Woodfolk,,9.78036E+12,hardcover,to-read,7/27/2024,,,0,,,,,,,,,,,,,No
Hollow Spaces: A Novel,Victor Suthammanont,,9.78164E+12,hardcover,to-read,5/8/2025,,,0,,,,,,,,,,,,,No
Children of Blood and Bone,Tomi Adeyemi,,9.78125E+12,hardcover,to-read,5/1/2025,,,0,,,,,,,,,,,,,No
Northern Lights,Philip Pullman,,9.78044E+12,paperback,read,6/18/2022,,,1,"adventurous, dark, mysterious, sad, tense",,,,,,,5,,,,favorites,Yes
Unnatural Causes: The Life and Many Deaths of Britain's Top Forensic Pathologist,Richard Shepherd,,9.78072E+12,hardcover,to-read,7/25/2024,,,0,,,,,,,,,,,,,No
The Zodiac Legacy: Convergence,"Andie Tong, Stuart Moore, Stan Lee",Andie Tong (Illustrator),9.78055E+12,paperback,read,6/18/2022,,,1,"adventurous, tense",,,,,,,4,,,,,No
The Cat Who Saved Books,Sōsuke Natsukawa,Louise Heal Kawai (Translator),9.78006E+12,paperback,read,1/14/2024,2/26/2024,2024/02/24-2024/02/26,1,"adventurous, dark, hopeful, mysterious, reflective",,,,,,,4,,,,,Yes
Eynhallow,Tim McGregor,,9.78195E+12,digital,to-read,5/9/2025,,,0,,,,,,,,,,,,,No
Creation,Gore Vidal,,9.78038E+12,paperback,to-read,4/13/2025,,,0,,,,,,,,,,,,,Yes
The Silence of the Girls,Pat Barker,,9.78024E+12,paperback,to-read,7/7/2024,,,0,,,,,,,,,,,,,No
In the Dream House,Carmen Maria Machado,,9.78164E+12,hardcover,to-read,1/15/2024,,,0,,,,,,,,,,,,,No
I Who Have Never Known Men,Jacqueline Harpman,"Ros Schwartz (Translator), Sophie Mackintosh (Contributor)",9.78153E+12,paperback,to-read,7/18/2024,,,0,,,,,,,,,,,,,No
Blue Sisters,Coco Mellors,,9.78059E+12,hardcover,read,6/6/2024,5/8/2025,2025/05/06-2025/05/08,1,"emotional, funny, hopeful, inspiring, reflective, sad",,,,,,,4.75,,,,,Yes
The Lion Women of Tehran,Marjan Kamali,,9.78167E+12,hardcover,to-read,7/13/2024,,,0,,,,,,,,,,,,,No
People From My Neighbourhood,Hiromi Kawakami,Ted Goossen (Translator),9.78185E+12,paperback,to-read,1/1/2025,,,0,,,,,,,,,,,,,No
Possession,A.S. Byatt,,9.78068E+12,paperback,to-read,4/25/2025,,,0,,,,,,,,,,,,,No
No Fear Shakespeare: Hamlet,William Shakespeare,,9.78159E+12,paperback,to-read,1/20/2024,,,0,,,,,,,,,,,,,Yes
Never Let Me Go,Kazuo Ishiguro,,9.7814E+12,paperback,read,5/3/2023,1/15/2025,2025/01/02-2025/01/15,1,"dark, emotional, mysterious, reflective, sad",,,,,,,4.5,,,,,Yes
Red Rising,Pierce Brown,,9.78035E+12,hardcover,to-read,5/24/2025,,,0,,,,,,,,,,,,,No
Mrs. Dalloway,Virginia Woolf,Maureen Howard,9.78015E+12,hardcover,to-read,5/3/2025,,,0,,,,,,,,,,,,,No
Say Nothing: A True Story of Murder and Memory in Northern Ireland,Patrick Radden Keefe,,9.78039E+12,hardcover,to-read,11/14/2024,,,0,,,,,,,,,,,,,No
Freakslaw,Jane Flett,,9.78153E+12,digital,to-read,1/10/2025,,,0,,,,,,,,,,,,,No
The Hive Queen,Tui T. Sutherland,,9.78134E+12,hardcover,read,5/13/2025,,,1,adventurous,,,,,,,,,,,,No
The Rise and Fall of the Dinosaurs: A New History of a Lost World,Steve Brusatte,,9.78006E+12,hardcover,read,5/2/2024,9/19/2024,2024/09/11-2024/09/19,1,"adventurous, informative",,,,,,,4.75,,,,,No
"Saga, Vol. 1",Brian K. Vaughan,Fiona Staples (Illustrator),9.78161E+12,paperback,to-read,12/1/2023,,,0,,,,,,,,,,,,,No
Our Favorite Songs,Anita Kelly,,9.78174E+12,paperback,to-read,9/27/2024,,,0,,,,,,,,,,,,,No
We Dream of Space,Erin Entrada Kelly,,9.78006E+12,hardcover,to-read,11/3/2023,,,0,,,,,,,,,,,,,No
Ace of Spades,Faridah Àbíké-Íyímídé,,9.78125E+12,hardcover,to-read,7/27/2024,,,0,,,,,,,,,,,,,No
My Brilliant Friend,Elena Ferrante,Ann Goldstein (Translator),9.78161E+12,paperback,read,4/25/2025,5/6/2025,2025/05/04-2025/05/06,1,"challenging, dark, emotional, reflective, sad, tense",,,,,,,4.5,,,,,No
1491: New Revelations of the Americas Before Columbus,Charles C. Mann,,9.7814E+12,paperback,to-read,9/23/2024,,,0,,,,,,,,,,,,,Yes
The Catcher in the Rye,J.D. Salinger,,9.78032E+12,paperback,to-read,4/22/2023,,,0,,,,,,,,,,,,,No
The Silent Patient,Alex Michaelides,,9.78125E+12,paperback,read,9/6/2024,9/25/2024,2024/09/05-2024/09/25,1,"dark, mysterious, tense",,,,,,,4,,,,,No
A Deadly Education,Naomi Novik,,9.78059E+12,hardcover,to-read,5/2/2025,,,0,,,,,,,,,,,,,No
SPQR: A History of Ancient Rome,Mary Beard,,9.78163E+12,paperback,to-read,7/24/2024,,,0,,,,,,,,,,,,,No
Cahokia: Ancient America's Great City on the Mississippi,Timothy R. Pauketat,,9.78014E+12,paperback,to-read,10/5/2024,,,0,,,,,,,,,,,,,No
Icefire,Chris d'Lacey,,9.78044E+12,paperback,read,5/13/2025,,,1,adventurous,,,,,,,,,,,,No
"The Boy, the Mole, the Fox and the Horse",Charlie Mackesy,,9.78006E+12,hardcover,to-read,12/18/2024,,,0,,,,,,,,,,,,,Yes
If on a Winter's Night a Traveler,Italo Calvino,William Weaver (Translator),9.78009E+12,paperback,to-read,12/22/2023,,,0,,,,,,,,,,,,,No
"Debt: The First 5,000 Years",David Graeber,,9.78193E+12,hardcover,to-read,7/25/2024,,,0,,,,,,,,,,,,,No
Milk and Honey,Rupi Kaur,,9.78145E+12,paperback,read,6/6/2024,7/9/2023,2023/07/09-2023/07/09,1,"dark, reflective",,,,,,,2,,,,,Yes
Chlorine,Jade Song,,9.78006E+12,hardcover,to-read,12/30/2023,,,0,,,,,,,,,,,,,No
Moon Rising,Tui T. Sutherland,,9.78055E+12,paperback,read,5/13/2025,,,1,adventurous,,,,,,,,,,,,No
The Body,Stephen King,,9.78198E+12,paperback,to-read,7/1/2023,,,0,,,,,,,,,,,,,No
Nightbooks,J.A. White,,9.78006E+12,hardcover,read,7/14/2024,,,1,adventurous,,,,,,,,,,,,Yes
The Heaven & Earth Grocery Store,James McBride,,9.78059E+12,hardcover,to-read,2/6/2024,,,0,,,,,,,,,,,,,No
Salt Slow,Julia Armfield,,9.78125E+12,paperback,read,1/27/2024,7/13/2024,2024/07/10-2024/07/13,1,"dark, mysterious, sad, tense",,,,,,,3.25,,,,,No
Notes of a Crocodile,Qiu Miaojin,Bonnie Huie (Translator),9.78168E+12,paperback,to-read,1/15/2024,,,0,,,,,,,,,,,,,No
A Dowry of Blood,S.T. Gibson,,9.78192E+12,paperback,to-read,3/31/2024,,,0,,,,,,,,,,,,,No
Almond,Won-pyung Sohn,Sandy Joosun Lee (Translator),9.78006E+12,paperback,read,6/6/2024,6/16/2023,2023/06/14-2023/06/16,1,"dark, emotional, hopeful, reflective, sad",,,,,,,5,,,,,Yes
The Thing about Jellyfish,Ali Benjamin,,9.78032E+12,paperback,read,6/7/2024,4/15/2023,2023/04/13-2023/04/15,1,"emotional, reflective, sad",,,,,,,5,,,,,Yes
Homegoing,Yaa Gyasi,,9.7811E+12,paperback,to-read,2/6/2024,,,0,,,,,,,,,,,,,No
Crime and Punishment,Fyodor Dostoevsky,,9.78159E+12,paperback,to-read,1/20/2024,,,0,,,,,,,,,,,,,No
Dragonslayer,Tui T. Sutherland,,9.78134E+12,hardcover,read,6/18/2022,6/21/2022,2022/06/18-2022/06/21,1,adventurous,,,,,,,5,,,,,No
The Book of Goose,Yiyun Li,,9.78037E+12,hardcover,to-read,7/4/2024,,,0,,,,,,,,,,,,,No
Ninth House,Leigh Bardugo,,9.78125E+12,paperback,read,3/1/2024,3/17/2024,"2024/03/01-2024/03/17, 2023/05/25-2023/06/14",2,"adventurous, dark, funny, mysterious, tense",,,,,,,4.5,,,,,Yes
Lolita,Vladimir Nabokov,,9.78014E+12,paperback,to-read,4/25/2025,,,0,,,,,,,,,,,,,No
Darkness of Dragons,Tui T. Sutherland,,9.78055E+12,hardcover,read,5/13/2025,,,1,adventurous,,,,,,,,,,,,No
The Coin,Yasmin Zaher,,9.78165E+12,hardcover,to-read,11/12/2024,,,0,,,,,,,,,,,,,No
The Complete Maus,Art Spiegelman,,9.78014E+12,paperback,to-read,7/25/2024,,,0,,,,,,,,,,,,,No
The Poison Jungle,Tui T. Sutherland,,9.78134E+12,hardcover,read,5/13/2025,,,1,adventurous,,,,,,,,,,,,No
Mỹ Documents,Kevin Nguyen,,9.78059E+12,hardcover,to-read,4/25/2025,,,0,,,,,,,,,,,,,No
Ring Shout,P. Djèlí Clark,,9.78125E+12,hardcover,read,2/6/2024,9/11/2024,2024/09/05-2024/09/11,1,"adventurous, dark, funny, tense",,,,,,,3.75,,,,,No
Eve: How the Female Body Drove 200 Million Years of Human Evolution,Cat Bohannon,,9.78039E+12,hardcover,to-read,4/4/2025,,,0,,,,,,,,,,,,,No
On Earth We're Briefly Gorgeous,Ocean Vuong,,9.78053E+12,hardcover,read,1/15/2024,5/5/2024,2024/05/01-2024/05/05,1,"challenging, dark, emotional, informative, inspiring, reflective, sad",,,,,,,4,,,,,No
The Library of Babel,Jorge Luis Borges,"Andrew Hurley (Contributor), Andrew Hurley (Translator), Erik Desmazieres (Illustrator)",9.78157E+12,hardcover,to-read,4/25/2025,,,0,,,,,,,,,,,,,No
Charlie and the Chocolate Factory,Roald Dahl,Quentin Blake (Illustrator),9.78059E+12,paperback,read,6/6/2024,6/28/2023,2023/06/19-2023/06/28,1,"adventurous, funny, lighthearted",,,,,,,3,,,,,Yes
A Restless Truth,Freya Marske,,9.78125E+12,hardcover,to-read,11/17/2022,,,0,,,,,,,,,,,,,No
Darkstalker,Tui T. Sutherland,,9.78134E+12,paperback,read,5/13/2025,,,1,adventurous,,,,,,,,,,,,No
Losing Sam,Nicole Maser,,B0C2PD6TKF,digital,to-read,1/15/2024,,,0,,,,,,,,,,,,,No
The River Has Roots,Amal El-Mohtar,,9.78125E+12,hardcover,to-read,5/9/2025,,,0,,,,,,,,,,,,,No
The Master and Margarita,Mikhail Bulgakov,"Katherine Tiernan O'Connor (Translator), Diana Lewis Burgin (Translator)",9.78068E+12,paperback,to-read,1/28/2024,,,0,,,,,,,,,,,,,No
The Library at Mount Char,Scott Hawkins,,9.78055E+12,paperback,to-read,12/22/2023,,,0,,,,,,,,,,,,,No
A Tempest of Tea,Hafsah Faizal,,9.78037E+12,hardcover,to-read,1/26/2024,,,0,,,,,,,,,,,,,No
Come Home to My Heart,Riley Redgate,,9.78145E+12,hardcover,to-read,4/9/2025,,,0,,,,,,,,,,,,,No
Dragon Pearl,Yoon Ha Lee,,9.78137E+12,hardcover,to-read,7/14/2024,,,0,,,,,,,,,,,,,Yes
Finding Grace,Loretta Rothschild,,9.78125E+12,hardcover,to-read,5/8/2025,,,0,,,,,,,,,,,,,No
My Name Is Emilia del Valle,Isabel Allende,Isabel Allende (Translator),9.78059E+12,hardcover,to-read,5/7/2025,,,0,,,,,,,,,,,,,No
The Picture of Dorian Gray,Oscar Wilde,Peter Ackroyd,9.78014E+12,paperback,read,6/7/2024,3/9/2023,2023/03/07-2023/03/09,1,"challenging, dark, mysterious, reflective, tense",,,,,,,5,,,,favorites,No
Augustus,John Williams,,9.7814E+12,paperback,to-read,7/19/2024,,,0,,,,,,,,,,,,,No
The Complete Poems of Emily Dickinson,Emily Dickinson,Thomas H. Johnson,9.78163E+12,digital,to-read,6/18/2022,,,0,,,,,,,,,,,,,No
The Road,Cormac McCarthy,,9.78031E+12,paperback,read,4/25/2025,7/13/2025,2025/07/11-2025/07/13,1,"dark, emotional, reflective, sad, tense",,,,,,,3,,,,,No
The Sun and Her Flowers,Rupi Kaur,,9.78145E+12,paperback,read,7/9/2023,7/10/2023,2023/07/09-2023/07/10,1,"dark, reflective",,,,,,,2,,,,,Yes
How to Read Literature Like a Professor Revised Edition: A Lively and Entertaining Guide to Reading Between the Lines,Thomas C. Foster,,9.78006E+12,paperback,read,1/6/2023,1/13/2023,2023/01/06-2023/01/13,1,informative,,,,,,,3,,,,,No
Beta Vulgaris,Margie Sarsfield,,9.78132E+12,paperback,to-read,1/10/2025,,,0,,,,,,,,,,,,,No
The Safekeep,Yael van der Wouden,,9.78167E+12,hardcover,to-read,4/26/2025,,,0,,,,,,,,,,,,,No
Slaughterhouse-Five,Kurt Vonnegut,,9.78039E+12,paperback,to-read,1/20/2024,,,0,,,,,,,,,,,,,No
A Darker Shade of Magic,V.E. Schwab,,9.78077E+12,hardcover,to-read,11/16/2024,,,0,,,,,,,,,,,,,No
The Dark Secret,Tui T. Sutherland,,9.78055E+12,,read,5/13/2025,,,1,adventurous,,,,,,,,,,,,No
You Dreamed of Empires,Álvaro Enrigue,Natasha Wimmer (Translator),9.78179E+12,hardcover,to-read,11/6/2024,,,0,,,,,,,,,,,,,No
The Last Samurai,Helen DeWitt,,9.78079E+12,paperback,to-read,7/12/2024,,,0,,,,,,,,,,,,,No
The Tempest,William Shakespeare,,9.78162E+12,digital,read,7/16/2024,7/15/2024,2024/07/15-2024/07/15,1,"challenging, funny, tense",,,,,,,3.25,,,,,No
The Wonderful Wizard of Oz,L. Frank Baum,W.W. Denslow (Illustrator),9.78014E+12,paperback,to-read,4/28/2025,,,0,,,,,,,,,,,,,No
The Manor of Dreams,Christina Li,,9.78167E+12,paperback,to-read,5/7/2025,,,0,,,,,,,,,,,,,No
Friday Black,Nana Kwame Adjei-Brenyah,,9.78133E+12,paperback,to-read,5/5/2025,,,0,,,,,,,,,,,,,No
Lonely Castle in the Mirror,Mizuki Tsujimura,Phillip Gabriel (Translator),9.78086E+12,hardcover,to-read,7/4/2023,,,0,,,,,,,,,,,,,No
Alice's Adventures in Wonderland and Through the Looking-Glass,Lewis Carroll,John Tenniel (Illustrator),9.78163E+12,paperback,read,1/13/2023,6/1/2024,2024/05/28-2024/06/01,1,"adventurous, funny, lighthearted, mysterious",,,,,,,5,,,,favorites,Yes
NOS4A2,Joe Hill,,9.78006E+12,hardcover,to-read,4/1/2023,,,0,,,,,,,,,,,,,No
A Good Girl's Guide to Murder,Holly Jackson,,9.78141E+12,paperback,to-read,9/25/2024,,,0,,,,,,,,,,,,,No
Girls Girls Girls,Shoshana von Blanckensee,,593718453,digital,to-read,5/8/2025,,,0,,,,,,,,,,,,,No
After Sappho,Selby Wynn Schwartz,,9.78132E+12,hardcover,to-read,12/1/2024,,,0,,,,,,,,,,,,,No
Lie with Me,Philippe Besson,Molly Ringwald (Translator),9.7815E+12,paperback,read,6/7/2024,3/13/2023,2023/03/12-2023/03/13,1,"emotional, reflective, sad",,,,,,,4,,,,,Yes
Station Eleven,Emily St. John Mandel,,9.78039E+12,hardcover,to-read,7/15/2025,,,0,,,,,,,,,,,,,No
A Wizard of Earthsea,Ursula K. Le Guin,,9.78055E+12,paperback,to-read,4/25/2025,,,0,,,,,,,,,,,,,No
Don't Let the Forest In,C.G. Drews,,9.78125E+12,hardcover,to-read,10/26/2024,,,0,,,,,,,,,,,,,No
I fell in love with hope,Lancali,,9.79899E+12,paperback,to-read,7/31/2022,,,0,,,,,,,,,,,,,No
The Twelve Caesars,Suetonius,Robert Graves (Translator),9.78014E+12,paperback,read,7/18/2024,4/25/2025,2024/07/27-2025/04/25,1,"challenging, dark, funny, informative",,,,,,,4,,,,,Yes
The Masterful Cat Is Depressed Again Today Vol. 1,Hitsuzi Yamada,,9.78165E+12,paperback,read,10/2/2024,10/4/2024,2024/10/02-2024/10/04,1,,,,,,,,,,,,,No
Icarus,K. Ancrum,,9.78006E+12,hardcover,read,6/6/2024,6/15/2024,2024/06/13-2024/06/15,1,"dark, emotional, hopeful, tense",,,,,,,4,,,,,No
"Detransition, Baby",Torrey Peters,,9.78179E+12,hardcover,to-read,7/27/2024,,,0,,,,,,,,,,,,,No
Things Fall Apart,Chinua Achebe,,9.78014E+12,paperback,to-read,4/25/2025,,,0,,,,,,,,,,,,,No
Bad Blood: Secrets and Lies in a Silicon Valley Startup,John Carreyrou,,9.78152E+12,hardcover,to-read,7/25/2024,,,0,,,,,,,,,,,,,No
The Hollow Places,T. Kingfisher,,9.78153E+12,paperback,to-read,6/5/2025,,,0,,,,,,,,,,,,,No
Imaro,Charles Saunders,,9.7816E+12,paperback,to-read,5/1/2025,,,0,,,,,,,,,,,,,No
The Last Olympian,Rick Riordan,,9.78142E+12,paperback,read,12/2/2022,12/15/2022,2022/12/02-2022/12/15,1,adventurous,,,,,,,5,,,,,Yes
Rifqa,Mohammed El-Kurd,Aja Monet (Contributor),9.78164E+12,paperback,to-read,6/30/2024,,,0,,,,,,,,,,,,,No
Crenshaw,Katherine Applegate,,9.78125E+12,paperback,read,7/14/2024,,,1,adventurous,,,,,,,,,,,,No
Breath of the Dragon,"Fonda Lee, Shannon Lee",,9.78125E+12,hardcover,to-read,5/1/2025,,,0,,,,,,,,,,,,,No
The New Penguin History of The World,J.M. Roberts,,,,to-read,5/18/2024,,,0,,,,,,,,,,,,,No
The Rich People Have Gone Away,Regina Porter,,9.78059E+12,hardcover,to-read,11/11/2024,,,0,,,,,,,,,,,,,No
The Fury,Alex Michaelides,,9.78125E+12,hardcover,read,12/30/2023,5/3/2025,2025/05/02-2025/05/03,1,"dark, funny, mysterious, tense",,,,,,,4,,,,,No
Saltblood,Francesca De Tores,,9.78153E+12,hardcover,to-read,2/26/2024,,,0,,,,,,,,,,,,,No
The Darkness Outside Us,Eliot Schrefer,James Fouhey (Narrator),9.78006E+12,audio,read,10/3/2024,10/12/2024,2024/10/03-2024/10/12,1,"dark, emotional, funny, hopeful, mysterious, reflective, sad, tense",,,,,,,5,,,,favorites,No
White Nights,Fyodor Dostoevsky,O.N. Shartse (Translator),,hardcover,to-read,5/6/2025,,,0,,,,,,,,,,,,,No
Quiet: The Power of Introverts in a World That Can't Stop Talking,Susan Cain,,9.78031E+12,paperback,read,1/24/2023,3/23/2023,2023/03/13-2023/03/23,1,"hopeful, informative, inspiring, reflective",,,,,,,5,,,,favorites,Yes
Wuthering Heights,Emily Brontë,,9.78179E+12,paperback,to-read,11/16/2024,,,0,,,,,,,,,,,,,Yes
Breaking Legacies,Zoe Reed,,9.78153E+12,paperback,read,2/9/2024,1/5/2024,2023/12/28-2024/01/05,1,"adventurous, dark, emotional, hopeful, sad, tense",,,,,,,4,,,,,Yes
Gods of Want: Stories,K-Ming Chang,,9.78059E+12,hardcover,to-read,5/5/2025,,,0,,,,,,,,,,,,,No
The File on H.,"Jusuf Vrioni, Ismail Kadare, David Bellos",,,,to-read,7/19/2024,,,0,,,,,,,,,,,,read-around-the-world,No
Mortal Follies,Alexis Hall,,9.78059E+12,paperback,to-read,3/8/2024,,,0,,,,,,,,,,,,,No
As I Lay Dying,William Faulkner,,9.78068E+12,paperback,to-read,12/18/2024,,,0,,,,,,,,,,,,,Yes
A Short History of Nearly Everything,Bill Bryson,,9.78077E+12,paperback,to-read,9/10/2023,,,0,,,,,,,,,,,,,Yes
Dayspring,Anthony Oliveira,,9.78077E+12,paperback,to-read,6/2/2024,,,0,,,,,,,,,,,,,No
History of the Armenians,Moses Khorenatsi,,,,to-read,7/20/2024,,,0,,,,,,,,,,,,read-around-the-world,No
Vicious,V.E. Schwab,,9.78147E+12,digital,to-read,5/16/2024,,,0,,,,,,,,,,,,,No
When the Reckoning Comes,LaTanya McQueen,,9.78006E+12,paperback,to-read,2/6/2024,,,0,,,,,,,,,,,,,No
Compound Fracture,Andrew Joseph White,,9.78168E+12,hardcover,to-read,6/2/2024,,,0,,,,,,,,,,,,,No
The Secret Garden,Frances Hodgson Burnett,,9.78052E+12,hardcover,to-read,6/30/2024,,,0,,,,,,,,,,,,,No
East of Eden,John Steinbeck,,9.78014E+12,paperback,read,7/27/2023,5/28/2024,2024/05/24-2024/05/28,1,"challenging, dark, emotional, hopeful, reflective",,,,,,,5,,,,,Yes
A Day of Fallen Night,Samantha Shannon,,9.78153E+12,hardcover,read,2/12/2024,8/27/2023,2023/07/16-2023/08/27,1,"adventurous, challenging, emotional, tense",,,,,,,5,,,,favorites,Yes
Once & Future,"Cory McCarthy, A.R. Capetta",,9.78032E+12,hardcover,to-read,5/14/2025,,,0,,,,,,,,,,,,,No
"The Lion, the Witch and the Wardrobe",C.S. Lewis,,9.78001E+12,hardcover,to-read,6/19/2022,,,0,,,,,,,,,,,,,No
Cherry Beach,Laura McPhee-Browne,,9.78192E+12,paperback,to-read,7/27/2024,,,0,,,,,,,,,,,,,No
Thunderstruck,Daniel Quigley,,9.79899E+12,paperback,read,2/12/2024,10/28/2023,2023/10/11-2023/10/28,1,"adventurous, funny, mysterious",,,,,,,,,,,,Yes
The Rock Eaters: Stories,Brenda Peynado,,9.78014E+12,paperback,to-read,5/6/2025,,,0,,,,,,,,,,,,,No
"The Heart of the Buddha's Teaching: Transforming Suffering Into Peace, Joy, and Liberation",Thích Nhất Hạnh,,9.78077E+12,paperback,to-read,5/8/2025,,,0,,,,,,,,,,,,,No
"Bad Mexicans: Race, Empire, and Revolution in the Borderlands",Kelly Lytle Hernández,,9.78132E+12,hardcover,to-read,5/18/2025,,,0,,,,,,,,,,,,,No
The Metamorphosis  and Other Stories,Franz Kafka,Katja Pelzer (Translator),9.78144E+12,paperback,to-read,1/19/2024,,,0,,,,,,,,,,,,,Yes
The Martian,Andy Weir,,9.7811E+12,paperback,currently-reading,12/18/2024,,,0,,,,,,,,,,,,,Yes
The Perks of Being a Wallflower,Stephen Chbosky,,9.78061E+12,paperback,read,6/18/2022,,,0,,,,,,,,5,,,,,No
The Da Vinci Code,Dan Brown,,9.78055E+12,paperback,to-read,6/2/2024,,,0,,,,,,,,,,,,,Yes
Girl in Pieces,Kathleen Glasgow,,9.7811E+12,hardcover,to-read,5/29/2025,,,0,,,,,,,,,,,,,No
The Last One to Fall,Gabriella Lepore,,9.78187E+12,paperback,read,1/16/2024,5/19/2024,2024/05/18-2024/05/19,1,"adventurous, mysterious, tense",,,,,,,4.5,,,,,Yes
The Bell Jar,Sylvia Plath,,9.78006E+12,paperback,read,7/27/2023,4/29/2024,2024/04/17-2024/04/29,1,"dark, emotional, hopeful, reflective, sad",,,,,,,4,,,,,Yes
The Examiner,Janice Hallett,,9.7818E+12,hardcover,to-read,11/17/2024,,,0,,,,,,,,,,,,,No
The Cherry Robbers,Sarai Walker,,9.78036E+12,hardcover,to-read,8/29/2024,,,0,,,,,,,,,,,,,No
The Hobbit,J.R.R. Tolkien,,9.78062E+12,hardcover,read,6/7/2024,3/12/2023,2023/03/09-2023/03/12,1,"adventurous, funny, lighthearted",,,,,,,5,,,,favorites,No
The Burning God,R.F. Kuang,,9.78006E+12,paperback,read,1/5/2025,6/5/2025,2025/05/25-2025/06/05,1,"challenging, dark, emotional, sad, tense",,,,,,,3.75,,,,,Yes
Brown Girl in the Ring,Nalo Hopkinson,,9.78045E+12,paperback,to-read,5/1/2025,,,0,,,,,,,,,,,,,No
The Sword of Kaigen,M.L. Wang,,9.78172E+12,paperback,to-read,1/3/2024,,,0,,,,,,,,,,,,,No
The Book Thief,Markus Zusak,,9.78038E+12,paperback,read,6/6/2024,5/9/2023,2023/05/04-2023/05/09,1,"adventurous, dark, emotional, reflective, sad, tense",,,,,,,5,,,,,Yes
The Iliad,Homer,Samuel Butler (Translator),9.78179E+12,paperback,read,3/5/2023,7/7/2024,2024/07/02-2024/07/07,1,"adventurous, challenging, funny, tense",,,,,,,4.5,,,,,Yes
Prophet Song,Paul Lynch,,9.78086E+12,hardcover,to-read,12/21/2024,,,0,,,,,,,,,,,,,No
Somewhere Beyond the Sea,TJ Klune,,9.78125E+12,hardcover,to-read,1/20/2024,,,0,,,,,,,,,,,,,No
A Wrinkle in Time,Madeleine L'Engle,,9.78125E+12,paperback,to-read,7/14/2024,,,0,,,,,,,,,,,,,Yes
This is How You Lose the Time War,"Max Gladstone, Amal El-Mohtar",,9.78153E+12,paperback,read,2/12/2024,11/21/2023,2023/11/14-2023/11/21,1,"adventurous, challenging, emotional, mysterious, sad, tense",,,,,,,4.5,,,,,Yes
The Aeneid,Virgil,Robert Fitzgerald (Translator),9.78068E+12,paperback,to-read,7/18/2024,,,0,,,,,,,,,,,,,No
The Floating World,Axie Oh,,9.78125E+12,hardcover,to-read,5/1/2025,,,0,,,,,,,,,,,,,No
The Odyssey,Homer,W.H.D. Rouse (Translator),9.78045E+12,paperback,to-read,12/18/2024,,,0,,,,,,,,,,,,,Yes
Jackal,Erin E. Adams,,9.78059E+12,hardcover,to-read,2/6/2024,,,0,,,,,,,,,,,,,No
The Crucible,Arthur Miller,Christopher Bigsby,9.78014E+12,paperback,read,12/18/2024,,,1,"dark, reflective, sad, tense",,,,,,,,,,,,Yes
Siddhartha,Hermann Hesse,,1567310079,hardcover,read,1/29/2024,5/8/2025,2025/05/08-2025/05/08,1,"adventurous, dark, reflective",,,,,,,3.25,,,,,Yes
Demon Copperhead,Barbara Kingsolver,,9.78006E+12,hardcover,to-read,7/12/2024,,,0,,,,,,,,,,,,,No
Zodiac,Romina Russell,,9.7816E+12,paperback,read,6/21/2022,,,1,"adventurous, challenging, mysterious",,,,,,,2,,,,,Yes
Winter Turning,Tui T. Sutherland,,9.78055E+12,paperback,read,5/13/2025,,,1,adventurous,,,,,,,,,,,,No
The Dragon Republic,R.F. Kuang,,9.78006E+12,paperback,read,5/15/2024,1/1/2025,2024/12/19-2025/01/01,1,"adventurous, challenging, dark, emotional, reflective, sad, tense",,,,,,,5,,,,,Yes
The God of the Woods,Liz Moore,,9.78059E+12,hardcover,to-read,12/28/2024,,,0,,,,,,,,,,,,,No
Flux,Jinwoo Chong,,9.78169E+12,hardcover,read,1/7/2024,5/9/2024,2024/05/06-2024/05/09,1,"adventurous, challenging, dark, mysterious, tense",,,,,,,4.5,,,,,No
Fire World,Chris d'Lacey,,9.78055E+12,paperback,read,5/13/2025,,,1,adventurous,,,,,,,,,,,,No
Where the Sidewalk Ends,Shel Silverstein,Shel Silverstein (Illustrator),9.78006E+12,hardcover,to-read,6/21/2022,,,0,,,,,,,,,,,,,No
Alice's Adventures In Wonderland / Through The Looking Glass,Lewis Carroll,,9.78144E+12,paperback,to-read,4/30/2025,,,0,,,,,,,,,,,,,Yes
Perfume: The Story of a Murderer,Patrick Süskind,John E. Woods (Translator),9.78014E+12,paperback,to-read,4/28/2025,,,0,,,,,,,,,,,,,No
Come & Get It,Kiley Reid,,9.78059E+12,hardcover,to-read,11/17/2024,,,0,,,,,,,,,,,,,No
The Book of Bill,Alex Hirsch,,9.78137E+12,hardcover,to-read,1/23/2024,,,0,,,,,,,,,,,,,No
Giovanni's Room,James Baldwin,Caryl Phillips (Contributor),9.78014E+12,paperback,to-read,1/15/2024,,,0,,,,,,,,,,,,,No
How to Pronounce Knife,Souvankham Thammavongsa,,9.78032E+12,hardcover,to-read,5/14/2024,,,0,,,,,,,,,,,,,No
Freakonomics: A Rogue Economist Explores the Hidden Side of Everything,"Steven D. Levitt, Stephen J. Dubner",,9.78006E+12,paperback,to-read,7/25/2024,,,0,,,,,,,,,,,,,No
Everyone in My Family Has Killed Someone,Benjamin Stevenson,,9.78006E+12,hardcover,to-read,1/20/2024,,,0,,,,,,,,,,,,,No
Legendborn,Tracy Deonn,,9.78153E+12,hardcover,to-read,5/1/2025,,,0,,,,,,,,,,,,,No
All the Light We Cannot See,Anthony Doerr,,9.7815E+12,paperback,read,2/9/2024,12/21/2023,2023/12/18-2023/12/21,2,"dark, emotional, sad, tense",,,,,,,5,,,,favorites,Yes
Tender Is the Flesh,Agustina Bazterrica,Sarah Moses (Translator),9.78198E+12,paperback,to-read,4/4/2025,,,0,,,,,,,,,,,,,No
The Fellowship of the Ring ,J.R.R. Tolkien,,9.78062E+12,paperback,to-read,3/5/2023,,,0,,,,,,,,,,,,,No
The Sweetness at the Bottom of the Pie: A Flavia de Luce Mystery,Alan Bradley,,9.78039E+12,paperback,read,6/6/2024,6/27/2023,2023/06/16-2023/06/27,1,"adventurous, lighthearted, mysterious",,,,,,,3,,,,,Yes
Nobody in Particular,Sophie Gonzales,,9.78125E+12,hardcover,to-read,6/12/2025,,,0,,,,,,,,,,,,,No
Good Girl,Aria Aber,,9.78059E+12,hardcover,to-read,1/17/2025,,,0,,,,,,,,,,,,,No
Ghostroots,‘Pemi Aguda,,9.78132E+12,digital,to-read,5/6/2025,,,0,,,,,,,,,,,,,No
Shōgun,James Clavell,,9.78044E+12,paperback,to-read,11/14/2024,,,0,,,,,,,,,,,,,No
Monkey King: Journey to the West,Wu Ch'eng-En,Julia Lovell (Translator),9.78014E+12,hardcover,to-read,5/7/2025,,,0,,,,,,,,,,,,,No
Brutes,Dizz Tate,,9.78165E+12,hardcover,to-read,2/22/2023,,,0,,,,,,,,,,,,,No
Brave New World,Aldous Huxley,,9.78006E+12,paperback,read,2/14/2023,6/14/2025,2025/06/09-2025/06/14,1,"challenging, dark, reflective",,,,,,,4,,,,,Yes
"Regrettably, I am About to Cause Trouble",Amie McNee,,9.78065E+12,paperback,to-read,2/17/2024,,,0,,,,,,,,,,,,,No
Elena Knows,Claudia Piñeiro,Frances Riddle (Translator),9.782E+12,paperback,to-read,1/22/2023,,,0,,,,,,,,,,,,,No
Sinxay: Renaissance of a Lao-Thai Epic Hero,"Baythong Whittlesey, Peter Whittlesey",,9.781E+12,paperback,to-read,5/7/2024,,,0,,,,,,,,,,,,,No
Harrow the Ninth,Tamsyn Muir,,9.78125E+12,hardcover,to-read,3/25/2024,,,0,,,,,,,,,,,,,No
Sunburn,Chloe Michelle Howarth,,9.78086E+12,paperback,to-read,6/1/2024,,,0,,,,,,,,,,,,,No
Time of the Child,Niall Williams,,9.78164E+12,hardcover,to-read,11/20/2024,,,0,,,,,,,,,,,,,No
The Spear Cuts Through Water,Simon Jimenez,,9.78059E+12,hardcover,read,12/24/2023,3/13/2024,2024/03/07-2024/03/13,1,"adventurous, challenging, dark, tense",,,,,,,3.5,,,,,No
The Secret Commonwealth,Philip Pullman,,9.78055E+12,hardcover,read,6/18/2022,,,1,"adventurous, dark, sad, tense",,,,,,,1,,,,,Yes
Harry Potter and the Half-Blood Prince,J.K. Rowling,,9.78155E+12,hardcover,read,6/18/2022,,,1,"adventurous, dark, emotional, mysterious, sad, tense",,,,,,,5,,,,,Yes
A Midsummer Night's Dream,William Shakespeare,,9.78162E+12,digital,read,6/28/2024,7/1/2024,2024/07/01-2024/07/01,1,"adventurous, challenging, funny, lighthearted",,,,,,,4.5,,,,,No
Conversations with Friends,Sally Rooney,,,digital,to-read,4/22/2023,,,0,,,,,,,,,,,,,No
The Queen,Nick Cutter,,9.78167E+12,hardcover,to-read,6/7/2025,,,0,,,,,,,,,,,,,No
Treasure Island,Robert Louis Stevenson,,9.78075E+12,hardcover,to-read,1/1/2024,,,0,,,,,,,,,,,,,No
Invisible Women: Data Bias in a World Designed for Men,Caroline Criado Pérez,,9.78142E+12,hardcover,to-read,5/18/2025,,,0,,,,,,,,,,,,,No
Mistress of Lies,K.M. Enright,,9.78036E+12,digital,to-read,5/1/2025,,,0,,,,,,,,,,,,,No
"To Be Taught, If Fortunate",Becky Chambers,,9.78006E+12,paperback,to-read,1/15/2024,,,0,,,,,,,,,,,,,No
The Slip,Lucas Schaefer,,9.78167E+12,hardcover,to-read,5/8/2025,,,0,,,,,,,,,,,,,No
The Merchant of Venice,William Shakespeare,,9.78162E+12,digital,read,6/10/2024,6/10/2024,2024/06/10-2024/06/10,1,"challenging, dark, funny, reflective, tense",,,,,,,3,,,,,No
Girl of the Southern Sea,Michelle Kadarusman,,9.78177E+12,digital,read,4/13/2025,4/21/2025,2025/04/13-2025/04/21,1,"dark, emotional, hopeful, inspiring, reflective, sad, tense",,,,,,,3,,,,,No
Pipeline,Dominique Morisseau,,9.78156E+12,digital,read,9/16/2024,9/16/2024,2024/09/16-2024/09/16,1,"emotional, hopeful, reflective, tense",,,,,,,4.5,,,,,No
Oliver Twist,Charles Dickens,,9.78346E+12,paperback,to-read,1/1/2024,,,0,,,,,,,,,,,,,No
A Children's Bible,Lydia Millet,,9.78132E+12,hardcover,read,4/4/2025,5/2/2025,2025/05/01-2025/05/02,1,"adventurous, dark, mysterious, reflective, sad",,,,,,,4,,,,,No
The Book of Chameleons,José Eduardo Agualusa,Daniel Hahn (Translator),9.78142E+12,paperback,to-read,7/19/2024,,,0,,,,,,,,,,,,read-around-the-world,No
The Tale of Genji,Murasaki Shikibu,"Minora Sugai (Illustrator), Royall Tyler (Translator), Royall Tyler (Translator)",9.78014E+12,paperback,to-read,3/8/2024,,,0,,,,,,,,,,,,,No
UnWorld,Jayson Greene,,9.78059E+12,hardcover,to-read,5/8/2025,,,0,,,,,,,,,,,,,No
The Miseducation of Cameron Post,Emily M. Danforth,,9.78006E+12,paperback,read,1/15/2024,,,1,"reflective, sad",,,,,,,,,,,,Yes
Confessions,Kanae Minato,Stephen Snyder (Translator),9.78032E+12,paperback,read,11/5/2023,4/3/2025,2025/03/28-2025/04/03,1,"dark, mysterious, tense",,,,,,,4.5,,,,,No
Bunny,Mona Awad,,9.78053E+12,paperback,read,6/7/2024,4/13/2023,2023/04/09-2023/04/13,1,"dark, mysterious, reflective, tense",,,,,,,4,,,,,Yes
There Is a Rio Grande in Heaven,Ruben Reyes Jr.,,9.78006E+12,hardcover,to-read,11/20/2024,,,0,,,,,,,,,,,,,No
Prairie Edge,Conor Kerr,,9.78077E+12,digital,to-read,11/20/2024,,,0,,,,,,,,,,,,,No
Neighborhood Watch,Sarah Reida,,9.78168E+12,paperback,to-read,3/7/2024,,,0,,,,,,,,,,,,,No
The Analects,Confucius,D.C. Lau (Translator),9.78014E+12,paperback,to-read,9/1/2024,,,0,,,,,,,,,,,,,No
Crying in H Mart,Michelle Zauner,,9.78053E+12,hardcover,read,6/7/2024,2/16/2023,2023/02/14-2023/02/16,1,"emotional, inspiring, reflective, sad",,,,,,,4,,,,,No
The Lightning Thief,Rick Riordan,,9.78079E+12,paperback,read,6/19/2022,,,1,adventurous,,,,,,,5,,,,,Yes
The Faithless,C.L. Clark,,9.78036E+12,paperback,to-read,3/7/2024,,,0,,,,,,,,,,,,,No
Fruiting Bodies,Kathryn Harlan,,9.78132E+12,hardcover,to-read,7/13/2024,,,0,,,,,,,,,,,,,No
The Invisible Wild,Nikki Van De Car,,9.78076E+12,hardcover,to-read,5/1/2025,,,0,,,,,,,,,,,,,No
Graveyard Shift,M.L. Rio,,9.78125E+12,paperback,read,4/13/2025,4/26/2025,2025/04/25-2025/04/26,1,"dark, funny, hopeful, mysterious, tense",,,,,,,4,,,,,Yes
Why We Sleep: Unlocking the Power of Sleep and Dreams,Matthew Walker,,9.7815E+12,hardcover,to-read,7/25/2024,,,0,,,,,,,,,,,,,No
Scythe,Neal Shusterman,,9.78148E+12,hardcover,read,6/7/2024,2/14/2023,2023/02/11-2023/02/14,1,,,,,,,,4,,,,,Yes
Short Stories in French for Beginners,Olly Richards,,9.78147E+12,paperback,to-read,6/18/2022,,,0,,,,,,,,,,,,,No
Sun Tzu: The Art of War,Sun Tzu,Peter Harris (Translator),9.78184E+12,hardcover,to-read,6/4/2025,,,0,,,,,,,,,,,,,No
The Outsiders,S.E. Hinton,,,paperback,read,1/1/2024,5/24/2024,2024/05/23-2024/05/24,1,"adventurous, dark, emotional, reflective, sad, tense",,,,,,,4.5,,,,,Yes
The Grapes of Wrath,John Steinbeck,,9.78014E+12,paperback,to-read,12/18/2024,,,0,,,,,,,,,,,,,Yes
What Belongs to You,Garth Greenwell,,9.78037E+12,hardcover,to-read,7/27/2024,,,0,,,,,,,,,,,,,No
Brodie's Report,Jorge Luis Borges,Andrew Hurley (Translator),9.78014E+12,paperback,to-read,7/19/2024,,,0,,,,,,,,,,,,read-around-the-world,No
The Teacher of Cheops,Albert Salvadó,,9.78148E+12,paperback,to-read,7/19/2024,,,0,,,,,,,,,,,,read-around-the-world,No
The Fetishist,Katherine Min,,9.78059E+12,hardcover,read,5/6/2025,5/13/2025,2025/05/12-2025/05/13,1,"funny, hopeful, reflective, sad",,,,,,,4,,,,,No
All About Love: New Visions,bell hooks,,9.78069E+12,hardcover,to-read,11/8/2024,,,0,,,,,,,,,,,,,No
The Titan's Curse,Rick Riordan,,9.78142E+12,paperback,read,8/7/2022,11/16/2022,2022/08/07-2022/11/16,1,adventurous,,,,,,,5,,,,,Yes
Letters from a Stoic: Epistulae Morales Ad Lucilium,Lucius Annaeus Seneca,Robin Campbell (Translator),9.78014E+12,paperback,to-read,7/19/2024,,,0,,,,,,,,,,,,,No
The Hounding,Xenobe Purvis,,9.78125E+12,hardcover,to-read,5/8/2025,,,0,,,,,,,,,,,,,No
The Shadow of the Wind,Carlos Ruiz Zafón,Lucia Graves (Translator),9.78014E+12,paperback,to-read,6/24/2024,,,0,,,,,,,,,,,,,Yes
The Only Good Indians,Stephen Graham Jones,,9.78198E+12,hardcover,to-read,4/4/2025,,,0,,,,,,,,,,,,,No
Don Quixote,"Miguel de Cervantes, Miguel de Cervantes",,9.78161E+12,paperback,to-read,2/2/2024,,,0,,,,,,,,,,,,,No
The Jasmine Throne,Tasha Suri,,9.78036E+12,paperback,to-read,6/25/2022,,,0,,,,,,,,,,,,,No
Swimming in the Dark,Tomasz Jedrowski,,9.78006E+12,hardcover,to-read,1/15/2024,,,0,,,,,,,,,,,,,No
The Adventures of Amina Al-Sirafi,Shannon Chakraborty,,9.78006E+12,hardcover,to-read,4/9/2023,,,0,,,,,,,,,,,,,No
If We Were Villains,M.L. Rio,,9.78125E+12,paperback,read,2/9/2024,1/7/2024,2024/01/05-2024/01/07,1,"dark, mysterious, tense",,,,,,,5,,,,favorites,Yes
The First Sister,Linden A. Lewis,,9.78198E+12,hardcover,to-read,7/26/2024,,,0,,,,,,,,,,,,,No
Schooled,Gordon Korman,,9.78142E+12,paperback,read,7/14/2024,5/9/2025,2025/05/08-2025/05/09,1,"funny, hopeful, inspiring, lighthearted",,,,,,,5,,,,favorites,Yes
These Violent Delights,Micah Nemerever,,9.78006E+12,hardcover,read,1/20/2024,8/26/2024,2024/08/02-2024/08/26,1,"dark, tense",,,,,,,3,,,,,No
My Neighbor Totoro: The Novel,Tsugiko Kubo,"Jim Hubbert (Translator), Hayao Miyazaki (Illustrator)",9.78142E+12,hardcover,to-read,5/19/2024,,,0,,,,,,,,,,,,,No
Crooked Kingdom,Leigh Bardugo,,9.78178E+12,paperback,to-read,2/21/2024,,,0,,,,,,,,,,,,,No
The Song of Achilles,Madeline Miller,,9.78006E+12,paperback,read,6/7/2024,2/11/2023,2023/02/06-2023/02/11,1,"adventurous, emotional, sad, tense",,,,,,,5,,,,favorites,Yes
Thornhedge,T. Kingfisher,,9.78125E+12,hardcover,to-read,7/30/2024,,,0,,,,,,,,,,,,,No
Human Acts,Han Kang,Deborah Smith (Translator),9.7811E+12,hardcover,to-read,5/14/2025,,,0,,,,,,,,,,,,,No
What Feasts at Night,T. Kingfisher,,9.78125E+12,hardcover,read,3/7/2024,10/6/2024,2024/10/01-2024/10/06,1,"dark, mysterious, tense",,,,,,,3,,,,,Yes
The Toll,Neal Shusterman,,9.78148E+12,hardcover,read,6/7/2024,4/9/2023,2023/04/02-2023/04/09,1,"adventurous, dark, tense",,,,,,,4,,,,,No
Water Moon,Samantha Sotto Yambao,,9.78059E+12,hardcover,to-read,12/18/2024,,,0,,,,,,,,,,,,,No
Trust,Hernan Diaz,,9.78059E+12,hardcover,to-read,11/20/2024,,,0,,,,,,,,,,,,,No
I Have No Mouth and I Must Scream,Harlan Ellison,Theodore Sturgeon,9.78044E+12,paperback,to-read,5/15/2024,,,0,,,,,,,,,,,,,No
The Plague,Albert Camus,"Robin Buss, Stuart Gilbert (Translator)",9.78014E+12,paperback,to-read,1/20/2024,,,0,,,,,,,,,,,,,No
Stag Dance: A Novel & Stories,Torrey Peters,,9.78059E+12,hardcover,to-read,3/28/2025,,,0,,,,,,,,,,,,,No
Divine Rivals,Rebecca Ross,,9.78125E+12,hardcover,read,1/14/2024,7/27/2024,2024/07/24-2024/07/27,1,"adventurous, emotional, hopeful, inspiring, tense",,,,,,,4.25,,,,,Yes
Little Fires Everywhere,Celeste Ng,,9.78074E+12,paperback,to-read,12/18/2024,,,0,,,,,,,,,,,,,Yes
The Great Gatsby,F. Scott Fitzgerald,,9.78144E+12,paperback,to-read,4/30/2025,,,0,,,,,,,,,,,,,Yes
Moderation,Elaine Castillo,,9.78059E+12,hardcover,to-read,5/18/2025,,,0,,,,,,,,,,,,,No
Greta and Valdin,Rebecca K Reilly,,9.78178E+12,paperback,to-read,11/11/2024,,,0,,,,,,,,,,,,,No
The Fox Wife,Yangsze Choo,,9.78125E+12,hardcover,to-read,3/7/2024,,,0,,,,,,,,,,,,,No
Big Swiss,Jen Beagin,,9.78198E+12,hardcover,to-read,1/15/2024,,,0,,,,,,,,,,,,,No
My Dark Vanessa,Kate Elizabeth Russell,,9.78006E+12,paperback,read,2/12/2024,9/2/2023,2023/08/28-2023/09/02,1,"dark, emotional, reflective, sad",,,,,,,5,,,,favorites,Yes
The Phantom of the Opera,Gaston Leroux,,9.78145E+12,paperback,read,6/2/2024,4/30/2025,2025/04/26-2025/04/30,1,"dark, mysterious",,,,,,,4.5,,,,,Yes
Harry Potter and the Order of the Phoenix,J.K. Rowling,Mary GrandPré (Illustrator),9.78044E+12,paperback,read,2/8/2024,3/1/2024,2024/01/05-2024/03/01,2,"adventurous, dark, emotional, mysterious, sad, tense",,,,,,,5,,,,,Yes
Gwen and Art Are Not in Love,Lex Croucher,,9.78125E+12,hardcover,read,12/2/2023,4/18/2024,2024/03/28-2024/04/18,1,"adventurous, emotional, funny, hopeful, lighthearted",,,,,,,4,,,,,No
On Writing: A Memoir of the Craft,Stephen King,,9.78198E+12,paperback,read,6/6/2024,7/15/2023,2023/07/10-2023/07/15,1,"informative, inspiring, reflective",,,,,,,5,,,,favorites,Yes
I Contain Multitudes: The Microbes Within Us and a Grander View of Life,Ed Yong,,9.78006E+12,hardcover,to-read,7/25/2024,,,0,,,,,,,,,,,,,No
Gideon the Ninth,Tamsyn Muir,,9.78125E+12,paperback,read,6/18/2022,3/25/2024,2024/03/18-2024/03/25,1,"adventurous, challenging, dark, mysterious, tense",,,,,,,4.5,,,,,Yes
The Phoenix Keeper,S.A. MacLean,,9.78032E+12,digital,read,11/11/2024,7/11/2025,2025/07/04-2025/07/11,1,"adventurous, funny, hopeful, inspiring, lighthearted",,,,,,,4,,,,,No
Crier's War,Nina Varela,,9.78006E+12,paperback,read,6/18/2022,,,1,"adventurous, dark, emotional, tense",,,,,,,5,,,,favorites,Yes
Diagnostic and Statistical Manual of Mental Disorders (Dsm-5(r)),American Psychiatric Association,,9.78089E+12,hardcover,to-read,4/14/2023,,,0,,,,,,,,,,,,,No
Young Mungo,Douglas Stuart,,9.7808E+12,hardcover,read,6/6/2024,7/9/2023,2023/07/05-2023/07/09,1,"dark, emotional, reflective, sad, tense",,,,,,,5,,,,favorites,Yes
Hatchet,Gary Paulsen,,9.78069E+12,hardcover,to-read,7/15/2025,,,0,,,,,,,,,,,,,No
The Dollhouse Academy,Margarita Montimore,,9.78125E+12,hardcover,to-read,5/18/2025,,,0,,,,,,,,,,,,,No
Lakewood,Megan Giddings,,9.78006E+12,hardcover,to-read,2/6/2024,,,0,,,,,,,,,,,,,No
Bright Young Women,Jessica Knoll,,9.7815E+12,hardcover,to-read,12/21/2024,,,0,,,,,,,,,,,,,No
Hell Bent,Leigh Bardugo,,9.78125E+12,hardcover,read,2/12/2024,12/3/2023,2023/11/22-2023/12/03,1,"adventurous, dark, mysterious, tense",,,,,,,5,,,,favorites,Yes
The Picture Of Dorian Gray,Oscar Wilde,,9.78144E+12,paperback,to-read,4/30/2025,,,0,,,,,,,,,,,,,Yes
Poacher Panic,"Jan Burchett, Sara Vogler",Diane Le Feyer (Illustrator),9.78143E+12,,to-read,3/5/2024,,,0,,,,,,,,,,,,,No
The Odyssey,Homer,Thomas Edward Lawrence (Translator),9.78179E+12,paperback,to-read,2/11/2023,,,0,,,,,,,,,,,,,Yes
A Study in Drowning,Ava Reid,,9.78006E+12,hardcover,to-read,3/8/2024,,,0,,,,,,,,,,,,,Yes
The Hidden Kingdom,Tui T. Sutherland,,9.78055E+12,paperback,read,5/13/2025,,,1,adventurous,,,,,,,,,,,,No
Poetics,Aristotle,,,,to-read,9/23/2024,,,0,,,,,,,,,,,,,No
Boy Parts,Eliza Clark,,9.78191E+12,digital,to-read,7/13/2024,,,0,,,,,,,,,,,,,No
The Fire Ascending ,Chris d'Lacey,,9.78055E+12,paperback,read,5/13/2025,,,1,adventurous,,,,,,,,,,,,No
Columbine,Dave Cullen,,9.78045E+12,hardcover,to-read,6/30/2024,,,0,,,,,,,,,,,,,No
To Kill a Mockingbird,Harper Lee,,9.78006E+12,paperback,read,11/11/2024,,,1,"dark, emotional, reflective, tense",,,,,,,,,,,,No
The Histories,Herodotus,,9.78014E+12,paperback,to-read,7/18/2024,,,0,,,,,,,,,,,,,No
Hamnet,Maggie O'Farrell,,9.78198E+12,paperback,read,6/26/2024,4/10/2025,2025/04/03-2025/04/10,1,"dark, emotional, reflective, sad",,,,,,,5,,,,favorites,Yes
Brokeback Mountain,Annie Proulx,,9.78074E+12,paperback,to-read,1/15/2024,,,0,,,,,,,,,,,,,No
Heartless,Marissa Meyer,,9.78125E+12,paperback,read,12/16/2022,12/19/2022,2022/12/16-2022/12/19,1,"adventurous, dark, emotional, sad",,,,,,,5,,,,favorites,Yes
Sing Like Fish: How Sound Rules Life Under Water,Amorina Kingdon,,9.78059E+12,hardcover,to-read,6/21/2024,,,0,,,,,,,,,,,,,No
Genghis Khan and the Making of the Modern World,Jack Weatherford,,9.78061E+12,paperback,to-read,7/16/2024,,,0,,,,,,,,,,,,,No
Heaven,Mieko Kawakami,"Sam Bett (Translator), David Boyd (Translator)",9.78161E+12,hardcover,to-read,1/20/2024,,,0,,,,,,,,,,,,,No
They Bloom at Night,Trang Thanh Tran,,9.78155E+12,hardcover,to-read,3/30/2025,,,0,,,,,,,,,,,,,No
The Lost Continent,Tui T. Sutherland,,9.78134E+12,hardcover,read,5/13/2025,,,1,adventurous,,,,,,,,,,,,No
Content Warning: Everything,Akwaeke Emezi,,9.78156E+12,paperback,to-read,2/20/2023,,,0,,,,,,,,,,,,,No
The Monk,Matthew Lewis,,9.78014E+12,paperback,to-read,4/28/2025,,,0,,,,,,,,,,,,,No
The Sons of El Rey,Alex Espinoza,,9.78167E+12,hardcover,to-read,7/13/2024,,,0,,,,,,,,,,,,,No
Thunderhead,Neal Shusterman,,9.78144E+12,paperback,read,6/7/2024,4/2/2023,2023/03/28-2023/04/02,1,"adventurous, dark, sad, tense",,,,,,,5,,,,,Yes
Mad Honey,"Jennifer Finney Boylan, Jodi Picoult",,9.78198E+12,hardcover,to-read,12/21/2024,,,0,,,,,,,,,,,,,No
Juniper & Thorn,Ava Reid,,9.78006E+12,paperback,read,4/21/2023,5/18/2024,2024/05/17-2024/05/18,1,"adventurous, dark, emotional, mysterious, sad, tense",,,,,,,5,,,,favorites,Yes
"Ghosts of My Life: Writings on Depression, Hauntology and Lost Futures",Mark Fisher,,9.78178E+12,paperback,to-read,5/17/2024,,,0,,,,,,,,,,,,,No
The Little Prince,Antoine de Saint-Exupéry,,9.78819E+12,hardcover,to-read,7/14/2024,,,0,,,,,,,,,,,,,No
Before the Coffee Gets Cold,Toshikazu Kawaguchi,Geoffrey Trousselot (Translator),9.78134E+12,hardcover,read,6/7/2024,3/27/2023,2023/03/25-2023/03/27,1,"emotional, hopeful, lighthearted, reflective",,,,,,,4,,,,,Yes
We Have Always Lived in the Castle,Shirley Jackson,"Thomas Ott (Illustrator), Jonathan Lethem (Contributor)",9.78014E+12,paperback,to-read,11/5/2023,,,0,,,,,,,,,,,,,No
Norwegian Wood,Haruki Murakami,Jay Rubin (Translator),9.78038E+12,paperback,to-read,1/26/2024,,,0,,,,,,,,,,,,,No
Beholder,Ryan La Sala,,9.78134E+12,hardcover,to-read,8/1/2024,,,0,,,,,,,,,,,,,No
The History of the Ancient World: From the Earliest Accounts to the Fall of Rome,Susan Wise Bauer,,9.78039E+12,hardcover,to-read,7/25/2024,,,0,,,,,,,,,,,,,No
A Little Life,Hanya Yanagihara,,9.7808E+12,paperback,read,6/8/2024,1/22/2023,2023/01/14-2023/01/22,1,"dark, emotional, sad",,,,,,,1,,,,,No
Faebound,Saara El-Arifi,,9.78059E+12,hardcover,to-read,1/2/2024,,,0,,,,,,,,,,,,,No
One Hundred Years of Solitude,Gabriel García Márquez,"Gregory Rabassa (Translator), John Rafter Lee (Narrator)",9.78148E+12,audio,to-read,1/20/2024,,,0,,,,,,,,,,,,,No
North Woods,Daniel Mason,,9.78059E+12,digital,read,12/23/2024,5/25/2025,2025/05/22-2025/05/25,1,"adventurous, dark, funny, reflective",,,,,,,4,,,,,No
Howl's Moving Castle,Diana Wynne Jones,,9.78006E+12,digital,read,6/21/2022,11/10/2024,2024/11/04-2024/11/10,1,"adventurous, funny, lighthearted",,,,,,,4,,,,,No
Dark Matter,Blake Crouch,,9.7811E+12,paperback,to-read,12/18/2024,,,0,,,,,,,,,,,,,Yes
Nineteen Eighty-Four,George Orwell,,9.78045E+12,paperback,read,3/5/2023,10/22/2024,2024/10/06-2024/10/22,1,"challenging, dark, mysterious, reflective, tense",,,,,,,2.5,,,,,Yes
1984,George Orwell,Miguel Temprano García (Translator),9.7885E+12,paperback,to-read,6/27/2024,,,0,,,,,,,,,,,,,Yes
The Wicked and the Willing,Lianyu Tan,,064899483X,digital,to-read,5/6/2025,,,0,,,,,,,,,,,,,No
Mrs S,K. Patrick,,9.78001E+12,hardcover,to-read,7/27/2024,,,0,,,,,,,,,,,,,No
The Handmaid's Tale,Margaret Atwood,,9.78143E+12,hardcover,to-read,4/29/2023,,,0,,,,,,,,,,,,,No
Whalefall,Daniel Kraus,,9.78167E+12,hardcover,to-read,3/8/2024,,,0,,,,,,,,,,,,,No
Crush,Richard Siken,Louise Glück (Contributor),9.7803E+12,paperback,to-read,1/15/2024,,,0,,,,,,,,,,,,,No
Interior Chinatown,Charles Yu,,9.78031E+12,hardcover,to-read,11/14/2024,,,0,,,,,,,,,,,,,No
The Blueprint,Rae Giana Rashad,,9.78006E+12,hardcover,to-read,11/11/2024,,,0,,,,,,,,,,,,,No
The Goldfinch,Donna Tartt,,9.78032E+12,paperback,read,7/18/2023,2/4/2024,2024/01/23-2024/02/04,1,"adventurous, challenging, dark, emotional, reflective, sad, tense",,,,,,,4,,,,,Yes
A Master of Djinn,P. Djèlí Clark,,9.78125E+12,hardcover,to-read,9/23/2024,,,0,,,,,,,,,,,,,No
The Subtle Knife,Philip Pullman,,9.78044E+12,paperback,read,7/14/2024,,,1,adventurous,,,,,,,,,,,,Yes
What Moves the Dead,T. Kingfisher,,9.78125E+12,paperback,read,12/30/2023,2/24/2024,2024/02/23-2024/02/24,1,"dark, emotional, mysterious, sad, tense",,,,,,,5,,,,,Yes
The Watchers,A.M. Shine,,9.7818E+12,hardcover,to-read,11/14/2024,,,0,,,,,,,,,,,,,No
"Moby-Dick: Or, the Whale",Herman Melville,"Tom Quirk (Contributor), Andrew Delbanco (Contributor)",9.78014E+12,paperback,to-read,1/1/2024,,,0,,,,,,,,,,,,,Yes
Green Frog,Gina Chung,,9.78059E+12,paperback,to-read,5/6/2025,,,0,,,,,,,,,,,,,No
Jane Eyre,Charlotte Brontë,,9.78179E+12,paperback,to-read,11/18/2024,,,0,,,,,,,,,,,,,Yes
Lady Killers: Deadly Women Throughout History,Tori Telfer,,9.78006E+12,paperback,to-read,1/6/2025,,,0,,,,,,,,,,,,,No
Pride and Prejudice,Jane Austen,Vivien Jones (Contributor),9.78014E+12,paperback,to-read,1/20/2024,,,0,,,,,,,,,,,,,Yes
Gallant,V.E. Schwab,,9.78006E+12,hardcover,to-read,7/18/2024,,,0,,,,,,,,,,,,,No
The Picture of Dorian Gray,Oscar Wilde,,9.78144E+12,hardcover,read,6/9/2024,6/9/2024,2024/06/08-2024/06/09,1,,,,,,,,,,,,,Yes
The Starless Sea,Erin Morgenstern,,9.7811E+12,paperback,read,6/8/2024,12/24/2022,2022/12/20-2022/12/24,1,"adventurous, challenging, emotional, mysterious",,,,,,,3,,,,,Yes
The Power,Naomi Alderman,,9.78032E+12,paperback,read,7/14/2024,,,1,"dark, tense",,,,,,,,,,,,Yes
The Emperor of All Maladies: A Biography of Cancer,Siddhartha Mukherjee,,9.78144E+12,hardcover,to-read,7/25/2024,,,0,,,,,,,,,,,,,No
The Resurrectionist,A. Rae Dunlap,,B0CZGP2HRC,digital,to-read,12/19/2024,,,0,,,,,,,,,,,,,No
Gifted & Talented,Olivie Blake,,9.78125E+12,digital,to-read,1/5/2025,,,0,,,,,,,,,,,,,No
Last Night at the Telegraph Club,Malinda Lo,,9.78053E+12,paperback,read,6/7/2024,2/26/2023,2023/02/23-2023/02/26,1,"reflective, sad",,,,,,,2.5,,,,,Yes
The Barn: The Secret History of a Murder in Mississippi,Wright Thompson,,9.78059E+12,hardcover,to-read,5/18/2025,,,0,,,,,,,,,,,,,No
V for Vendetta,Alan Moore,David Lloyd (Illustrator),9.7814E+12,hardcover,to-read,4/25/2025,,,0,,,,,,,,,,,,,No
Sapiens: A Brief History of Humankind,Yuval Noah Harari,"Haim Watzman (Translator), John Purcell (Translator)",9.78006E+12,paperback,to-read,7/26/2024,,,0,,,,,,,,,,,,,Yes
Jonathan Strange & Mr Norrell,Susanna Clarke,,9.78077E+12,paperback,to-read,11/16/2024,,,0,,,,,,,,,,,,,No
"Boys, Beasts & Men",Sam J. Miller,Amal El-Mohtar (Contributor),9.78162E+12,paperback,to-read,5/14/2025,,,0,,,,,,,,,,,,,No
Remarkably Bright Creatures,Shelby Van Pelt,,9.78006E+12,hardcover,read,6/6/2024,4/26/2023,2023/04/21-2023/04/26,1,"emotional, hopeful, lighthearted",,,,,,,5,,,,favorites,No
"Brighter than Scale, Swifter than Flame",Neon Yang,,9.78125E+12,digital,to-read,1/5/2025,,,0,,,,,,,,,,,,,No
Sleep,Honor Jones,,9.78059E+12,hardcover,to-read,5/8/2025,,,0,,,,,,,,,,,,,No
Lapvona,Ottessa Moshfegh,,9.78059E+12,digital,to-read,5/8/2023,,,0,,,,,,,,,,,,,No
The Undetectables,Courtney Smyth,,9.7818E+12,paperback,to-read,9/23/2024,,,0,,,,,,,,,,,,,No
Harry Potter and the Deathly Hallows,J.K. Rowling,Mary GrandPré (Illustrator),9.78055E+12,paperback,read,6/18/2022,,,1,"adventurous, dark, emotional, mysterious, sad, tense",,,,,,,5,,,,,Yes
Circe,Madeline Miller,,9.78032E+12,hardcover,read,6/7/2024,2/21/2023,2023/02/16-2023/02/21,1,"adventurous, reflective, sad",,,,,,,3,,,,,No
The Complete Tales and Poems of Edgar Allan Poe,Edgar Allan Poe,,9.78144E+12,hardcover,to-read,3/22/2023,,,0,,,,,,,,,,,,,Yes
The Brightest Night,Tui T. Sutherland,,9.78055E+12,,read,5/13/2025,,,1,adventurous,,,,,,,,,,,,No
The Count of Monte Cristo,Alexandre Dumas,,,paperback,to-read,1/15/2024,,,0,,,,,,,,,,,,,Yes
I Kissed Shara Wheeler,Casey McQuiston,,9.78125E+12,hardcover,to-read,1/4/2025,,,0,,,,,,,,,,,,,No
The Bright Sword,Lev Grossman,,9.78074E+12,hardcover,to-read,7/23/2024,,,0,,,,,,,,,,,,,No
The Spirit Bares Its Teeth,Andrew Joseph White,Raphael Corkhill (Narrator),9.78059E+12,audio,read,5/21/2024,6/2/2024,2024/05/22-2024/06/02,1,"dark, emotional, mysterious, sad, tense",,,,,,,5,,,,favorites,No
The Most Secret Memory of Men,Mohamed Mbougar Sarr,,9.78167E+12,paperback,to-read,12/30/2023,,,0,,,,,,,,,,,,,No
Project Hail Mary,Andy Weir,,9.78059E+12,hardcover,to-read,5/2/2025,,,0,,,,,,,,,,,,,No
The Empusium,Olga Tokarczuk,Antonia Lloyd-Jones (Translator),9.78059E+12,hardcover,to-read,9/4/2024,,,0,,,,,,,,,,,,,No
The Girl with the Dragon Tattoo,Stieg Larsson,Reg Keeland (Translator),9.78031E+12,paperback,read,2/12/2024,10/11/2023,2023/09/04-2023/10/11,1,"adventurous, dark, mysterious, tense",,,,,,,4,,,,,Yes
Shakespeare Was a Woman and Other Heresies: How Doubting the Bard Became the Biggest Taboo in Literature,Elizabeth Winkler,,9.78198E+12,hardcover,read,6/6/2024,6/23/2024,2024/06/15-2024/06/23,1,"adventurous, funny, informative, reflective",,,,,,,3.5,,,,,No
Six of Crows,Leigh Bardugo,,9.78163E+12,hardcover,read,1/20/2024,2/18/2024,2024/01/30-2024/02/18,1,"adventurous, dark, funny, mysterious, tense",,,,,,,3.25,,,,,No
The Mysterious Case of the Alperton Angels,Janice Hallett,,9.7818E+12,hardcover,to-read,1/27/2024,,,0,,,,,,,,,,,,,No
Cuckoo,Gretchen Felker-Martin,,9.78125E+12,paperback,to-read,5/21/2025,,,0,,,,,,,,,,,,,No
The Mountain in the Sea,Ray Nayler,,9.78037E+12,hardcover,to-read,4/26/2025,,,0,,,,,,,,,,,,,No
Wild Love,Elsie Silver,,9.78146E+12,paperback,to-read,1/4/2025,,,0,,,,,,,,,,,,,No
The Butcher of the Forest,Premee Mohamed,,9.78125E+12,paperback,to-read,5/9/2025,,,0,,,,,,,,,,,,,No
Mythology,Edith Hamilton,Steele Savage,9.78032E+12,paperback,to-read,7/18/2024,,,0,,,,,,,,,,,,,No
We Used to Live Here,Marcus Kliewer,,9.78198E+12,hardcover,to-read,4/4/2025,,,0,,,,,,,,,,,,,No
Coexistence: Stories,Billy-Ray Belcourt,,9.78132E+12,paperback,to-read,11/10/2024,,,0,,,,,,,,,,,,,No
Aristotle and Dante Discover the Secrets of the Universe,Benjamin Alire Sáenz,,9.78144E+12,paperback,read,6/7/2024,2/23/2023,2023/02/21-2023/02/23,1,"emotional, hopeful, reflective, sad",,,,,,,3,,,,,No
Ready Player One,Ernest Cline,,9.7808E+12,paperback,to-read,12/18/2024,,,0,,,,,,,,,,,,,Yes
The Zodiac Legacy: The Dragon's Return,Stan Lee,Andie Tong (Illustrator),9.78148E+12,paperback,read,6/18/2022,,,1,"adventurous, tense",,,,,,,4,,,,,No
Under the Whispering Door,TJ Klune,,9.78125E+12,hardcover,read,6/7/2024,2/6/2023,2023/02/03-2023/02/06,1,"emotional, hopeful, lighthearted, reflective, sad",,,,,,,5,,,,favorites,Yes
Pathogenesis: A History of the World in Eight Plagues,Jonathan Kennedy,,9.78059E+12,hardcover,to-read,4/26/2025,,,0,,,,,,,,,,,,,No
The Cryptid Hunters,Roland Smith,,9.78044E+12,paperback,to-read,3/5/2024,,,0,,,,,,,,,,,,,No
The Poppy War,R.F. Kuang,,9.78006E+12,paperback,read,4/9/2024,5/14/2024,2024/05/09-2024/05/14,1,"adventurous, challenging, dark, sad, tense",,,,,,,4.25,,,,,Yes
The Raven Boys,Maggie Stiefvater,,9.78055E+12,hardcover,to-read,4/12/2024,,,0,,,,,,,,,,,,,No
"I, Claudius",Robert Graves,,9.78068E+12,paperback,to-read,7/18/2024,,,0,,,,,,,,,,,,,No
The Priory of the Orange Tree,Samantha Shannon,,9.78164E+12,paperback,read,6/8/2024,1/14/2023,2022/12/27-2023/01/14,1,"adventurous, challenging, dark, emotional, tense",,,,,,,5,,,,favorites,Yes
The Lost Heir,Tui T. Sutherland,,9.78055E+12,paperback,read,5/13/2025,,,1,adventurous,,,,,,,,,,,,No
Annie on My Mind,Nancy Garden,,9.78037E+12,paperback,to-read,1/15/2024,,,0,,,,,,,,,,,,,No
Magic for Liars,Sarah Gailey,,9.78125E+12,digital,to-read,11/12/2024,,,0,,,,,,,,,,,,,No
Emily Wilde's Encyclopaedia of Faeries,Heather Fawcett,,9.78059E+12,hardcover,to-read,1/26/2024,,,0,,,,,,,,,,,,,No
The Genesis of Misery,Neon Yang,,9.78125E+12,hardcover,read,4/22/2024,4/28/2024,2024/04/22-2024/04/28,1,"adventurous, challenging, dark, mysterious, tense",,,,,,,4.75,,,,,No
American Holocaust: Columbus and the Conquest of the New World,David E. Stannard,,9.7802E+12,paperback,to-read,7/25/2024,,,0,,,,,,,,,,,,,No
Untethered Sky,Fonda Lee,,9.78125E+12,hardcover,to-read,4/9/2023,,,0,,,,,,,,,,,,,No
The Girl Who Drank the Moon,Kelly Barnhill,,9.78162E+12,hardcover,read,4/14/2023,3/18/2024,2024/03/13-2024/03/18,1,"adventurous, emotional, hopeful, inspiring, tense",,,,,,,4.5,,,,,No
The Atlas Six,Olivie Blake,Little Chmura (Illustrator),9.78168E+12,paperback,to-read,12/1/2023,,,0,,,,,,,,,,,,,No
The Will of the Many,James Islington,,9.78198E+12,hardcover,read,1/4/2024,7/23/2024,2024/07/13-2024/07/23,1,"adventurous, challenging, dark, funny, mysterious, sad, tense",,,,,,,5,,,,favorites,No
The Sea of Monsters,Rick Riordan,,9.78142E+12,paperback,read,7/13/2022,8/7/2022,2022/07/13-2022/08/07,1,adventurous,,,,,,,5,,,,,Yes
Greatest Hits,Harlan Ellison,,9.78145E+12,paperback,to-read,4/17/2024,,,0,,,,,,,,,,,,,No
Sacrificial Animals,Kailee Pedersen,,9.78125E+12,hardcover,to-read,4/12/2025,,,0,,,,,,,,,,,,,No
The Maze of Bones,Rick Riordan,,9.78055E+12,hardcover,to-read,3/5/2024,,,0,,,,,,,,,,,,,No
Coraline,Neil Gaiman,"Dave McKean (Illustrator), Dave McKean (Illustrator)",9.78038E+12,paperback,read,6/18/2022,,,1,"adventurous, dark, mysterious, tense",,,,,,,4,,,,,Yes
Aesop's Fables,Aesop,,9.78144E+12,paperback,to-read,10/26/2024,,,0,,,,,,,,,,,,,Yes
The Dragonet Prophecy,Tui T. Sutherland,Mike Holmes (Illustrator),9.78055E+12,paperback,read,6/21/2022,,,1,adventurous,,,,,,,5,,,,,No
Tomb(e),Hélène Cixous,"Laurent Milesi (Translator), Laurent Milesi (Translator)",9.78086E+12,hardcover,to-read,11/12/2024,,,0,,,,,,,,,,,,,No
Earthlings,Sayaka Murata,Ginny Tapley Takemori (Translator),9.78178E+12,hardcover,to-read,5/6/2024,,,0,,,,,,,,,,,,,No
Straightforward: The Narrative Construction of Heteronormativity from Homer to The Hobbit,Marcus Attwater,,9.78946E+12,paperback,to-read,7/16/2024,,,0,,,,,,,,,,,,,No
Something Deeply Hidden: Quantum Worlds and the Emergence of Spacetime,Sean Carroll,,9.78152E+12,hardcover,to-read,3/22/2024,,,0,,,,,,,,,,,,,No
The Great Gatsby,F. Scott Fitzgerald,,9.782E+12,digital,to-read,7/21/2024,,,0,,,,,,,,,,,,,Yes
The Yellow Wall-Paper,Charlotte Perkins Gilman,,9.78156E+12,paperback,to-read,4/28/2025,,,0,,,,,,,,,,,,,No
All Tomorrows: The Myriad Species and Mixed Fortunes of Man,Nemo Ramjet,C.M. Kösemen,,digital,to-read,6/18/2022,,,0,,,,,,,,,,,,,No
"What Happened To You?: Conversations on Trauma, Resilience, and Healing","Bruce D. Perry, Oprah Winfrey",,9.78125E+12,hardcover,to-read,7/25/2024,,,0,,,,,,,,,,,,,No
She Who Became the Sun,Shelley Parker-Chan,,B08QZXQH84,digital,to-read,1/15/2024,,,0,,,,,,,,,,,,,No
Plain Bad Heroines,Emily M. Danforth,Sara Lautman (Illustrator),9.78006E+12,hardcover,to-read,7/6/2024,,,0,,,,,,,,,,,,,No
Frankenstein,Mary Shelley,,9.78144E+12,paperback,to-read,4/30/2025,,,0,,,,,,,,,,,,,Yes
The Very Secret Society of Irregular Witches,Sangu Mandanna,,9.78059E+12,paperback,to-read,7/8/2023,,,0,,,,,,,,,,,,,No
Inferno,Dante Alighieri,"Henry Wadsworth Longfellow (Translator), John Lotherington (Contributor)",9.78144E+12,paperback,read,3/7/2024,6/29/2024,2024/06/26-2024/06/29,1,"adventurous, challenging, dark",,,,,,,5,,,,favorites,Yes
Daisy Fields,Maki Matsui,,9.79868E+12,digital,to-read,7/21/2024,,,0,,,,,,,,,,,,,Yes
Motheater,Linda H. Codega,,9.78165E+12,hardcover,to-read,1/5/2025,,,0,,,,,,,,,,,,,No
Their Eyes Were Watching God,Zora Neale Hurston,,9.78006E+12,paperback,to-read,4/25/2025,,,0,,,,,,,,,,,,,No
The Bullet Swallower,Elizabeth Gonzalez James,,9.78167E+12,hardcover,to-read,7/13/2024,,,0,,,,,,,,,,,,,No
Shy,Max Porter,,9.78164E+12,hardcover,to-read,4/26/2023,,,0,,,,,,,,,,,,,No
Dracula,Bram Stoker,,9.78144E+12,paperback,read,6/2/2024,9/27/2024,2024/09/23-2024/09/27,1,"adventurous, dark, hopeful, mysterious, sad, tense",,,,,,,5,,,,favorites,Yes
Stories of Your Life and Others,Ted Chiang,,9.78033E+12,paperback,to-read,11/18/2024,,,0,,,,,,,,,,,,,No
Bloom,Kevin Panetta,Savanna Ganucheau (Illustrator),9.78163E+12,paperback,read,6/21/2022,,,1,"emotional, hopeful, lighthearted",,,,,,,3,,,,,No
Bookshops & Bonedust,Travis Baldree,,9.78125E+12,paperback,to-read,6/7/2024,,,0,,,,,,,,,,,,,No
A Secret History of Witches,Louisa Morgan,,9.78032E+12,paperback,read,1/14/2024,2/15/2024,2024/02/04-2024/02/15,1,"adventurous, dark, emotional, sad, tense",,,,,,,3,,,,,Yes
Where Wolves Don't Die,Anton Treuer,,9.78165E+12,hardcover,to-read,11/20/2024,,,0,,,,,,,,,,,,,No
The Heart is a Lonely Hunter,Carson McCullers,,9.78162E+12,paperback,read,6/19/2022,,,1,"dark, emotional, reflective, sad",,,,,,,3,,,,,Yes
What If?: Serious Scientific Answers to Absurd Hypothetical Questions,Randall Munroe,,9.78054E+12,hardcover,to-read,7/16/2024,,,0,,,,,,,,,,,,,No
Harry Potter and the Prisoner of Azkaban,J.K. Rowling,Mary GrandPré (Illustrator),,paperback,read,2/9/2024,12/23/2023,2023/12/22-2023/12/23,2,"adventurous, dark, hopeful, mysterious, tense",,,,,,,5,,,,favorites,Yes
Never Whistle at Night: An Indigenous Dark Fiction Anthology,"Shane Hawk, Theodore C. Van Alst Jr.","D.H. Trujillo, Stephen Graham Jones, Norris Black, Tiffany Morris, Darcie Little Badger, Tommy Orange, Richard Van Camp, Rebecca Roanhorse, Amber Blaeser-Wardzala, Nick Medina, Kelli Jo Ford, Conley Lyons, Mona Susan Power, Waubgeshig Rice, Brandon Hobson, Theodore C. Van Alst Jr., David Heska Wanbli Weiden, Mathilda Zeller, Carson Faust, Cherie Dimaline, Kate Hart, Andrea L. Rogers, Royce K. Young Wolf, Shane Hawk, Morgan Talty, Marcie R. Rendon, Phoenix Boudreau",9.78059E+12,paperback,to-read,11/20/2024,,,0,,,,,,,,,,,,,No
Oranges Are Not the Only Fruit,Jeanette Winterson,,9.7801E+12,paperback,to-read,1/15/2024,,,0,,,,,,,,,,,,,No
Bitterthorn,Kat Dunn,,9.78184E+12,paperback,to-read,7/9/2023,,,0,,,,,,,,,,,,,No
The Latinist,Mark Prins,,9.78039E+12,hardcover,to-read,11/12/2024,,,0,,,,,,,,,,,,,No
Faust,Johann Wolfgang von Goethe,,9.78055E+12,paperback,to-read,4/29/2025,,,0,,,,,,,,,,,,,No
Island of the Blue Dolphins,Scott O'Dell,Ted Lewin (Illustrator),9.78055E+12,digital,read,3/20/2025,3/26/2025,2025/03/20-2025/03/26,1,"dark, inspiring, reflective, sad, tense",,,,,,,3,,,,,No
The Unbearable Lightness of Being,Milan Kundera,Michael Henry Heim (Translator),9.78006E+12,paperback,read,12/18/2024,7/1/2025,2025/06/16-2025/07/01,1,"reflective, sad",,,,,,,2,,,,,Yes
The Complete Grimm's Fairy Tales,"Jacob Grimm, Wilhelm Grimm",,9.78194E+12,paperback,to-read,10/26/2024,,,0,,,,,,,,,,,,,No
What My Bones Know: A Memoir of Healing from Complex Trauma,Stephanie Foo,,9.78059E+12,hardcover,to-read,1/12/2024,,,0,,,,,,,,,,,,,No
The Black Tides of Heaven,Neon Yang,,9.78077E+12,paperback,to-read,1/15/2024,,,0,,,,,,,,,,,,,No
Pachinko,Min Jin Lee,,9.78146E+12,digital,to-read,11/14/2024,,,0,,,,,,,,,,,,,No
Daisy Jones & The Six,Taylor Jenkins Reid,,9.78152E+12,hardcover,to-read,9/25/2024,,,0,,,,,,,,,,,,,No
The Institute,Stephen King,,9.78198E+12,paperback,read,7/6/2022,,,1,"dark, mysterious, sad, tense",,,,,,,5,,,,favorites,Yes
Frankenstein: The 1818 Text,Mary Shelley,"Charlotte Gordon (Contributor), Lord Byron, Mary Wollstonecraft, Charles E. Robinson (Contributor)",9.78014E+12,paperback,read,6/7/2024,3/24/2023,2023/03/13-2023/03/24,1,"adventurous, dark, mysterious, reflective, sad",,,,,,,4,,,,,Yes
Glorious Exploits,Ferdia Lennon,,9.78125E+12,hardcover,to-read,9/25/2024,,,0,,,,,,,,,,,,,No
A Head Full of Ghosts,Paul Tremblay,,9.78006E+12,hardcover,to-read,4/1/2023,,,0,,,,,,,,,,,,,No
The Storm We Made,Vanessa Chan,,9.78167E+12,hardcover,to-read,1/20/2024,,,0,,,,,,,,,,,,,No
Open Throat,Henry Hoke,,9.78037E+12,hardcover,to-read,11/11/2024,,,0,,,,,,,,,,,,,No
Where the Mountain Meets the Moon,Grace Lin,,9.78143E+12,hardcover,read,3/28/2025,4/2/2025,2025/03/28-2025/04/02,1,"adventurous, funny, inspiring, lighthearted, mysterious",,,,,,,4,,,,,No
"Braiding Sweetgrass: Indigenous Wisdom, Scientific Knowledge, and the Teachings of Plants",Robin Wall Kimmerer,,9.78157E+12,paperback,read,7/25/2024,9/23/2024,2024/09/19-2024/09/23,1,"informative, inspiring, reflective",,,,,,,4.75,,,,,Yes
Paradais,Fernanda Melchor,Sophie Hughes (Translator),9.78191E+12,paperback,to-read,1/22/2023,,,0,,,,,,,,,,,,,No
The Centre,Ayesha Manazir Siddiqi,,9.78164E+12,hardcover,read,1/17/2024,5/22/2024,2024/05/21-2024/05/22,1,"dark, mysterious, tense",,,,,,,3.5,,,,,No
Mysterious Skin,Scott Heim,,9.78006E+12,paperback,to-read,6/24/2022,,,0,,,,,,,,,,,,,No
James,Percival Everett,,9.78039E+12,hardcover,to-read,4/25/2025,,,0,,,,,,,,,,,,,No
Little Women,Louisa May Alcott,,9.78014E+12,hardcover,read,6/6/2024,7/7/2023,2023/06/28-2023/07/07,1,"adventurous, emotional, hopeful, lighthearted, reflective, sad",,,,,,,5,,,,favorites,Yes
Anxious People,Fredrik Backman,Neil Smith (Translator),9.78198E+12,paperback,to-read,11/13/2023,,,0,,,,,,,,,,,,,No
Peter Pan,J.M. Barrie,Michael Hague (Illustrator),9.78081E+12,hardcover,to-read,6/30/2024,,,0,,,,,,,,,,,,,No
The Sting of Victory,S.D. Simper,,,digital,to-read,6/20/2022,,,0,,,,,,,,,,,,,No
Romeo and Juliet,William Shakespeare,,9.78074E+12,paperback,read,5/14/2025,,,1,"challenging, reflective, sad, tense",,,,,,,,,,,,No
Crossings,Alex Landragin,,9.78125E+12,hardcover,to-read,4/12/2025,,,0,,,,,,,,,,,,,No
Drive Your Plow Over the Bones of the Dead,Olga Tokarczuk,Antonia Lloyd-Jones (Translator),9.78053E+12,hardcover,to-read,12/19/2024,,,0,,,,,,,,,,,,,No
Iron Heart,Nina Varela,,9.78006E+12,paperback,read,6/25/2022,6/29/2022,2022/06/25-2022/06/29,1,"adventurous, dark, emotional, tense",,,,,,,5,,,,,Yes
Henry IV Part One,William Shakespeare,,,digital,read,6/18/2024,6/19/2024,2024/06/17-2024/06/19,1,"adventurous, funny",,,,,,,3,,,,,No
The Penguin Book of Dragons,Scott G. Bruce,,9.78014E+12,paperback,to-read,2/12/2024,,,0,,,,,,,,,,,,,No
Motherthing,Ainslie Hogarth,,9.78059E+12,paperback,to-read,7/13/2024,,,0,,,,,,,,,,,,,No
Ashes of the Sun,Django Wexler,,9.78032E+12,paperback,to-read,5/14/2025,,,0,,,,,,,,,,,,,No
The Stranger,Albert Camus,Matthew Ward (Translator),9.78068E+12,paperback,read,1/15/2024,5/6/2025,2025/05/06-2025/05/06,1,"challenging, mysterious, reflective",,,,,,,3.5,,,,read-around-the-world,Yes
Our Wives Under the Sea,Julia Armfield,,9.78125E+12,hardcover,read,2/9/2024,12/27/2023,2023/12/26-2023/12/27,1,"dark, emotional, mysterious, reflective, sad",,,,,,,5,,,,favorites,Yes
Indian Burial Ground,Nick Medina,,9.78059E+12,hardcover,to-read,4/30/2025,,,0,,,,,,,,,,,,,No
The Brightness Between Us,Eliot Schrefer,,9.78006E+12,hardcover,to-read,10/12/2024,,,0,,,,,,,,,,,,,No
Emma,Jane Austen,,9.78068E+12,hardcover,read,6/7/2024,3/6/2023,2023/03/01-2023/03/06,1,"funny, hopeful, lighthearted",,,,,,,4,,,,,No
Coraline (Graphic Novel),Neil Gaiman,P. Craig Russell (Illustrator),9.78006E+12,paperback,read,2/9/2024,12/25/2023,2023/12/25-2023/12/25,1,"dark, mysterious, tense",,,,,,,5,,,,favorites,Yes
Fire and Flood,Eugene Linden,,9.78059E+12,,to-read,7/25/2024,,,0,,,,,,,,,,,,,No
Spell Bound,F.T. Lukens,,9.78167E+12,hardcover,to-read,6/5/2024,,,0,,,,,,,,,,,,,No
The ABC Murders,Agatha Christie,,9.78001E+12,paperback,read,6/22/2022,7/2/2022,2022/06/22-2022/07/02,1,"adventurous, funny, mysterious",,,,,,,4,,,,,Yes
If Cats Disappeared From The World,Genki Kawamura,Eric Selland (Translator),9.78151E+12,paperback,to-read,2/22/2023,,,0,,,,,,,,,,,,,No
"The Madman's Library: The Strangest Books, Manuscripts, and Other Literary Curiosities from History",Edward Brooke-Hitching,,9.7818E+12,hardcover,to-read,4/13/2025,,,0,,,,,,,,,,,,,Yes
Carmilla,J. Sheridan Le Fanu,,9.78081E+12,paperback,to-read,1/15/2024,,,0,,,,,,,,,,,,,No
The Dangerous Gift,"Tui T. Sutherland, Tui T. Sutherland",,9.78134E+12,,read,6/18/2022,,,1,adventurous,,,,,,,4,,,,,No
The Fire Eternal,Chris d'Lacey,,9.78055E+12,paperback,read,5/13/2025,,,1,adventurous,,,,,,,,,,,,No
Macbeth,William Shakespeare,,9.78074E+12,paperback,read,4/28/2025,,,1,"challenging, dark, mysterious, tense",,,,,,,,,,,,No
Dark Fire,Chris d'Lacey,,9.78055E+12,paperback,read,5/13/2025,,,1,adventurous,,,,,,,,,,,,No
Silent to the bone,E.L. Konigsburg,,689836015,hardcover,read,2/2/2025,2/5/2025,2025/02/02-2025/02/05,1,"dark, hopeful, mysterious, reflective",,,,,,,3.5,,,,,No
Of Mice and Men,John Steinbeck,,9.78014E+12,paperback,to-read,4/9/2023,,,0,,,,,,,,,,,,,No
Kafka on the Shore,Haruki Murakami,Philip Gabriel (Translator),9.7814E+12,paperback,read,2/9/2024,1/21/2024,2024/01/08-2024/01/21,1,"adventurous, dark, mysterious, reflective, sad",,,,,,,3,,,,,Yes
Murder in the Cathedral,T.S. Eliot,,9.78016E+12,paperback,to-read,4/25/2025,,,0,,,,,,,,,,,,,No
The Bluest Eye,Toni Morrison,,9.7807E+12,digital,to-read,2/4/2024,,,0,,,,,,,,,,,,,No
The Fire Within,Chris d'Lacey,,9.78044E+12,paperback,read,5/13/2025,,,1,adventurous,,,,,,,,,,,,No
The Midnight Girls,Alicia Jasinska,,9.78173E+12,hardcover,read,6/19/2022,,,1,"adventurous, dark, hopeful, tense",,,,,,,3,,,,,Yes
A Clockwork Orange,Anthony Burgess,,9.78039E+12,paperback,to-read,4/1/2023,,,0,,,,,,,,,,,,,No
Beartown,Fredrik Backman,,9.78141E+12,digital,to-read,12/22/2023,,,0,,,,,,,,,,,,,No
Talons of Power,Tui T. Sutherland,,9.78055E+12,paperback,read,5/13/2025,,,1,adventurous,,,,,,,,,,,,No
Migrations,Charlotte McConaghy,,9.78125E+12,hardcover,read,12/19/2024,7/3/2025,2025/07/01-2025/07/03,1,"adventurous, challenging, mysterious, sad, tense",,,,,,,4.75,,,,,No
Ruthless Vows,Rebecca Ross,,9.78125E+12,hardcover,to-read,7/27/2024,,,0,,,,,,,,,,,,,No
David Copperfield,Charles Dickens,,9.78014E+12,paperback,to-read,7/12/2024,,,0,,,,,,,,,,,,,No
Old Soul,Susan Barker,,9.78059E+12,hardcover,to-read,1/10/2025,,,0,,,,,,,,,,,,,No
Legends & Lattes,Travis Baldree,,9.78125E+12,paperback,read,11/3/2023,6/6/2024,2024/06/04-2024/06/06,1,"adventurous, funny, hopeful, lighthearted",,,,,,,5,,,,,Yes
Rape Girl,Alina Klein,,,,read,5/13/2025,2/13/2025,2/13/2025,1,"dark, emotional, hopeful, inspiring, reflective, sad",,,,,,,4,,,,,No
Fantastic Mr. Fox,Roald Dahl,Quentin Blake (Illustrator),9.78038E+12,hardcover,to-read,6/28/2023,,,0,,,,,,,,,,,,,No
The Vanishing Half,Brit Bennett,,,digital,to-read,2/6/2024,,,0,,,,,,,,,,,,,No
The Memory Police,Yōko Ogawa,Stephen Snyder (Translator),9.7811E+12,paperback,read,4/25/2025,5/11/2025,2025/05/10-2025/05/11,1,"dark, mysterious, reflective, sad, tense",,,,,,,4.5,,,,,No
Everyone in This Room Will Someday Be Dead,Emily Austin,,9.78198E+12,paperback,to-read,1/26/2024,,,0,,,,,,,,,,,,,No
Ordinary Monsters,J.M. Miro,,9.78125E+12,hardcover,to-read,6/21/2022,,,0,,,,,,,,,,,,,No
Ocean's Godori,Elaine U. Cho,,9.78164E+12,hardcover,to-read,11/4/2024,,,0,,,,,,,,,,,,,No
The Lost Heir,Tui T. Sutherland,Mike Holmes (Illustrator),9.78055E+12,paperback,read,6/21/2022,,,1,adventurous,,,,,,,5,,,,,No
The Devil Three Times,Rickey Fayne,,9.78032E+12,hardcover,to-read,5/8/2025,,,0,,,,,,,,,,,,,No
The Marvelous Land of Oz,L. Frank Baum,,9.78161E+12,hardcover,read,1/10/2025,1/15/2025,2025/01/09-2025/01/15,1,"adventurous, funny, hopeful, lighthearted",,,,,,,4,,,,,No
The Berry Pickers,Amanda Peters,,9.78144E+12,paperback,to-read,11/10/2024,,,0,,,,,,,,,,,,,No
The Endless Song,Joshua Phillip Johnson,,9.78076E+12,hardcover,to-read,7/31/2025,,,0,,,,,,,,,,,,,No
Fire from Heaven,Mary Renault,,9.78038E+12,paperback,to-read,5/4/2025,,,0,,,,,,,,,,,,,No
Dealing with Dragons,Patricia C. Wrede,,9.78055E+12,digital,read,1/19/2025,1/22/2025,2025/01/18-2025/01/22,1,"adventurous, funny, hopeful, inspiring, lighthearted",,,,,,,4,,,,,No
Lady Macbeth,Ava Reid,,9.78059E+12,hardcover,to-read,1/26/2024,,,0,,,,,,,,,,,,,No
The Radium Girls: The Dark Story of America's Shining Women,Kate Moore,,9.78149E+12,hardcover,to-read,7/25/2024,,,0,,,,,,,,,,,,,No
The Kite Runner,Khaled Hosseini,,9.78159E+12,paperback,to-read,7/19/2024,,,0,,,,,,,,,,,,read-around-the-world,Yes
"Dark Moon, Shallow Sea",David R. Slayton,,9.7982E+12,hardcover,to-read,12/12/2023,,,0,,,,,,,,,,,,,No
Piranesi,Susanna Clarke,,9.78164E+12,paperback,read,6/6/2024,4/21/2023,2023/04/19-2023/04/21,1,"adventurous, dark, mysterious, reflective",,,,,,,5,,,,,Yes
The Maidens,Alex Michaelides,,9.78125E+12,hardcover,to-read,11/16/2024,,,0,,,,,,,,,,,,,No
Dragonfruit,Makiia Lucier,,9.78036E+12,digital,to-read,4/7/2024,,,0,,,,,,,,,,,,,No
Sisters of the Vast Black,Lina Rather,,9.78125E+12,paperback,to-read,5/9/2025,,,0,,,,,,,,,,,,,No
The Phoenix Pencil Company,Allison King,,9.78006E+12,hardcover,to-read,5/8/2025,,,0,,,,,,,,,,,,,No
The Color Purple,Alice Walker,,9.78014E+12,paperback,read,5/1/2023,6/8/2024,2024/06/06-2024/06/08,1,"challenging, dark, emotional, hopeful, reflective, sad, tense",,,,,,,5,,,,favorites,Yes
Fire Star,Chris d'Lacey,,9.78044E+12,paperback,read,5/13/2025,,,1,adventurous,,,,,,,,,,,,No
To Build a Fire,Jack London,,9.78097E+12,paperback,to-read,4/19/2023,,,0,,,,,,,,,,,,,No
Fable for the End of the World,Ava Reid,,9.78006E+12,hardcover,read,3/28/2025,6/8/2025,2025/05/21-2025/06/08,1,"adventurous, dark, emotional, mysterious, sad, tense",,,,,,,4.75,,,,,Yes
Kokoro,Natsume Sōseki,Edwin McClellan (Translator),9.7809E+12,paperback,read,1/1/2025,3/28/2025,2025/01/16-2025/03/28,1,"dark, emotional, mysterious, reflective, sad",,,,,,,4,,,,,No
Sea of Tranquility,Emily St. John Mandel,,9.78059E+12,hardcover,read,7/18/2024,7/4/2025,2025/07/03-2025/07/04,1,"adventurous, challenging, mysterious, reflective",,,,,,,4.75,,,,,No
Evicted: Poverty and Profit in the American City,Matthew Desmond,,9.78055E+12,hardcover,to-read,7/25/2024,,,0,,,,,,,,,,,,,No
The Night Circus,Erin Morgenstern,,9.78031E+12,paperback,read,6/7/2024,2/2/2023,2023/01/23-2023/02/02,1,"adventurous, lighthearted, mysterious",,,,,,,4,,,,,Yes
A Psalm for the Wild-Built,Becky Chambers,,9.78125E+12,hardcover,to-read,1/7/2024,,,0,,,,,,,,,,,,,No
Anne of Green Gables,L.M. Montgomery,,9.78045E+12,paperback,to-read,4/18/2023,,,0,,,,,,,,,,,,,No
Bad Science,Ben Goldacre,,9.78001E+12,paperback,to-read,7/25/2024,,,0,,,,,,,,,,,,,No
Gone Girl,Gillian Flynn,,9.78039E+12,paperback,to-read,4/25/2025,,,0,,,,,,,,,,,,,No
Yellowface,R.F. Kuang,,,audio,to-read,3/3/2023,,,0,,,,,,,,,,,,,No
How High We Go in the Dark,Sequoia Nagamatsu,,9.78006E+12,hardcover,to-read,1/6/2024,,,0,,,,,,,,,,,,,No
Predator's Gold,Philip Reeve,,9.78141E+12,paperback,read,6/19/2022,,,1,"adventurous, tense",,,,,,,1,,,,,Yes
Witchcraft for Wayward Girls,Grady Hendrix,,9.78104E+12,digital,to-read,1/15/2025,,,0,,,,,,,,,,,,,No
Chain-Gang All-Stars,Nana Kwame Adjei-Brenyah,,9.78059E+12,hardcover,to-read,4/4/2025,,,0,,,,,,,,,,,,,No
The Rape of Nanking,Iris Chang,,9.78014E+12,paperback,read,5/2/2024,5/18/2025,2025/05/16-2025/05/18,1,"challenging, dark, emotional, informative, sad, tense",,,,,,,5,,,,,No
The Gray House,Mariam Petrosyan,Yuri Machkasov (Translator),9.7815E+12,paperback,to-read,6/30/2024,,,0,,,,,,,,,,,,,No
The Memory of Animals,Claire Fuller,,9.78195E+12,hardcover,to-read,4/25/2025,,,0,,,,,,,,,,,,,No
Beyond: The Queer Sci-Fi and Fantasy Comic Anthology,"Taneka Stotts, Nicasio Andres Reed, Sfé R. Monster",,9.78099E+12,paperback,to-read,12/1/2023,,,0,,,,,,,,,,,,,No
Ghost Fish: A Novel,Stuart Pennebaker,,9.78032E+12,paperback,to-read,5/8/2025,,,0,,,,,,,,,,,,,No
Beloved,Toni Morrison,,9.7814E+12,paperback,read,2/4/2024,6/4/2024,2024/06/01-2024/06/04,1,"dark, mysterious, tense",,,,,,,2.5,,,,,Yes
The Three Musketeers,Alexandre Dumas,,9.78162E+12,digital,read,1/1/2024,4/16/2024,2024/03/25-2024/04/16,1,"adventurous, challenging, funny, lighthearted",,,,,,,3.5,,,,,No
"At Dark, I Become Loathsome",Eric LaRocca,,9.79821E+12,digital,to-read,1/10/2025,,,0,,,,,,,,,,,,,No
As Long as the Lemon Trees Grow,Zoulfa Katouh,,9.78032E+12,hardcover,to-read,4/1/2023,,,0,,,,,,,,,,,,,No
"If Not, Winter: Fragments of Sappho",Sappho,Anne Carson (Translator),9.78184E+12,paperback,to-read,7/14/2024,,,0,,,,,,,,,,,,,No
When Devils Sing,Xan Kaur,,9.78125E+12,hardcover,to-read,5/1/2025,,,0,,,,,,,,,,,,,No
Hidden Pictures,Jason Rekulak,,9.78125E+12,hardcover,to-read,1/23/2023,,,0,,,,,,,,,,,,,No
How to Find Love in a Bookshop,Veronica Henry,,9.78074E+12,paperback,read,6/6/2024,5/24/2023,2023/05/15-2023/05/24,1,"emotional, hopeful, inspiring, lighthearted, reflective",,,,,,,4,,,,,Yes
House of Leaves,Mark Z. Danielewski,,9.78038E+12,paperback,to-read,9/23/2024,,,0,,,,,,,,,,,,,No
Rakesfall,Vajra Chandrasekera,,9.78125E+12,hardcover,read,5/1/2025,5/20/2025,2025/05/18-2025/05/20,1,"adventurous, challenging, dark, reflective, sad",,,,,,,4,,,,,No
Shanghai Girls,Lisa See,,9.78081E+12,paperback,read,7/14/2024,,,1,"dark, emotional, reflective, sad",,,,,,,,,,,,Yes
Girly Drinks,Mallory O'Meara,,9.78134E+12,hardcover,to-read,7/25/2024,,,0,,,,,,,,,,,,,No
Wednesday: A Novelization of Season One,Tehlor Kay Mejia,,9.78059E+12,hardcover,to-read,5/13/2025,,,0,,,,,,,,,,,,,No
La Belle Sauvage,Philip Pullman,,9.78055E+12,paperback,read,6/18/2022,,,1,"adventurous, dark, mysterious, tense",,,,,,,5,,,,favorites,Yes
The Mesmerist,Caroline Woods,,9.78039E+12,hardcover,to-read,9/29/2024,,,0,,,,,,,,,,,,,No
Animal Farm,George Orwell,Téa Obreht (Contributor),9.78045E+12,paperback,to-read,4/1/2023,,,0,,,,,,,,,,,,,No
The Invisible Life of Addie LaRue,V.E. Schwab,,9.78077E+12,hardcover,to-read,9/29/2024,,,0,,,,,,,,,,,,,No
Katabasis,R.F. Kuang,,9.78006E+12,hardcover,to-read,12/18/2024,,,0,,,,,,,,,,,,,No
The Secret History,Donna Tartt,,9.7814E+12,paperback,read,6/6/2024,5/4/2023,2023/04/27-2023/05/04,1,"challenging, dark, mysterious, reflective, tense",,,,,,,4,,,,,Yes
King Lear,William Shakespeare,,9.78162E+12,digital,read,7/10/2024,7/10/2024,2024/07/09-2024/07/10,1,"challenging, dark, emotional, sad",,,,,,,4,,,,,No
The Buffalo Hunter Hunter,Stephen Graham Jones,,9.78167E+12,hardcover,to-read,1/10/2025,,,0,,,,,,,,,,,,,No
The Amber Spyglass,Philip Pullman,,9.78044E+12,paperback,read,7/14/2024,,,1,adventurous,,,,,,,,,,,,Yes
Martyr!,Kaveh Akbar,,9.78059E+12,hardcover,to-read,10/22/2024,,,0,,,,,,,,,,,,,No
A Marvellous Light,Freya Marske,,2.92838E+12,hardcover,to-read,11/17/2022,,,0,,,,,,,,,,,,,No
The Unworthy,Agustina Bazterrica,Sarah Moses (Translator),9.78167E+12,hardcover,to-read,3/28/2025,,,0,,,,,,,,,,,,,No
Peace is Every Step: The Path of Mindfulness in Everyday Life,Thích Nhất Hạnh,"Arnold Kotler (Contributor), Dalai Lama XIV (Contributor)",9.78055E+12,paperback,to-read,7/25/2024,,,0,,,,,,,,,,,,,No
The Dawn of Everything,"David Wengrow, David Graeber",,9.78037E+12,hardcover,to-read,7/25/2024,,,0,,,,,,,,,,,,,No
The Brothers Karamazov,Fyodor Dostoevsky,,9.78055E+12,paperback,to-read,1/1/2024,,,0,,,,,,,,,,,,,Yes
Invisible Man,Ralph Ellison,,9.78068E+12,paperback,to-read,12/18/2024,,,0,,,,,,,,,,,,,Yes
Annihilation,Jeff VanderMeer,,9.78037E+12,paperback,to-read,10/26/2024,,,0,,,,,,,,,,,,,No
Flowers for Algernon,Daniel Keyes,,151001634,hardcover,to-read,7/27/2023,,,0,,,,,,,,,,,,,No
This Skin Was Once Mine and Other Disturbances,Eric LaRocca,,9.7818E+12,hardcover,to-read,5/6/2025,,,0,,,,,,,,,,,,,No
Babel,R.F. Kuang,,9.78006E+12,paperback,read,1/22/2023,5/17/2024,"2024/04/29-2024/05/17, 2023/01/24-2023/02/03",2,"adventurous, challenging, dark, emotional, informative, mysterious, reflective, sad, tense",,,,,,,5,,,,favorites,Yes
The Battle of the Labyrinth,Rick Riordan,,9.78142E+12,paperback,read,11/29/2022,12/2/2022,2022/11/29-2022/12/02,1,,,,,,,,5,,,,,Yes
Harry Potter and the Chamber of Secrets,J.K. Rowling,Mary GrandPré (Illustrator),9.78044E+12,paperback,read,2/9/2024,12/22/2023,2023/12/19-2023/12/22,2,"adventurous, dark, mysterious, tense",,,,,,,5,,,,,Yes
Monstrilio,Gerardo Sámano Córdova,,9.78164E+12,hardcover,to-read,4/16/2024,,,0,,,,,,,,,,,,,No
Never Have I Ever,Isabel Yap,,9.78162E+12,paperback,read,5/6/2025,5/16/2025,2025/05/13-2025/05/16,1,"dark, reflective, tense",,,,,,,4,,,,,No
Much Ado About Nothing,William Shakespeare,,9.78162E+12,digital,read,6/25/2024,6/25/2024,2024/06/24-2024/06/25,1,"challenging, funny, lighthearted",,,,,,,4,,,,,No
The Seven Husbands of Evelyn Hugo,Taylor Jenkins Reid,,9.7815E+12,paperback,read,6/6/2024,5/14/2023,2023/05/10-2023/05/14,1,"adventurous, emotional, mysterious, reflective, sad",,,,,,,5,,,,favorites,Yes
The Great Gatsby,James L.W. West III,,9.78147E+12,,,,,,,,,,,,,,,,,,,Yes
Filler,Snowi Samountry,,9.7815E+12,paperback,read,6/6/2024,5/14/2023,2023/05/10-2023/05/14,1,happy,,,,,,,5,,,,favorites,Yes